localstack-main  | LocalStack supervisor: starting
localstack-main  | LocalStack supervisor: localstack process (PID 17) starting
localstack-main  | 
localstack-main  | LocalStack version: 2026.8.1
localstack-main  | LocalStack build date: 2026-09-02
localstack-main  | LocalStack build git hash: bc6e73922
localstack-main  | 
localstack-main  | 2026-09-09T07:51:44.553  INFO --- [  MainThread] l.licensing.licensingv2    : Successfully activated cached license 9d2ce785-c259-43b0-b4a0-4dc307e82450:trial from /var/lib/localstack/cache/license.json 🔑✅
localstack-main  | 2026-09-09T07:51:44.598 DEBUG --- [  MainThread] plux.runtime.manager       : instantiating plugin PluginSpec(localstack.hooks.on_runtime_create.set_default_providers_to_pro = <function set_default_providers_to_pro at 0xffff8d717ec0>)
localstack-main  | 2026-09-09T07:51:44.599 DEBUG --- [  MainThread] plux.runtime.manager       : loading plugin localstack.hooks.on_runtime_create:set_default_providers_to_pro
localstack-main  | 2026-09-09T07:51:44.599 DEBUG --- [  MainThread] plux.runtime.manager       : instantiating plugin PluginSpec(localstack.hooks.on_runtime_create.setup_otel = <function setup_otel at 0xffff8d724720>)
localstack-main  | 2026-09-09T07:51:44.599 DEBUG --- [  MainThread] plux.runtime.manager       : plugin localstack.hooks.on_runtime_create:setup_otel is disabled, reason: Load condition for plugin was false
localstack-main  | 2026-09-09T07:51:44.599 DEBUG --- [  MainThread] plux.runtime.manager       : instantiating plugin PluginSpec(localstack.hooks.on_runtime_create.configure_licensing_for_service_plugins = <function configure_licensing_for_service_plugins at 0xffff8d717b00>)
localstack-main  | 2026-09-09T07:51:44.599 DEBUG --- [  MainThread] plux.runtime.manager       : loading plugin localstack.hooks.on_runtime_create:configure_licensing_for_service_plugins
localstack-main  | 2026-09-09T07:51:45.405  INFO --- [  MainThread] localstack.utils.bootstrap : Execution of "_resolve_api_provider_specs" took 806.18ms
localstack-main  | 2026-09-09T07:51:45.406 DEBUG --- [  MainThread] plux.runtime.manager       : instantiating plugin PluginSpec(localstack.runtime.components.aws = <class 'localstack.pro.core.aws.components.AwsComponents'>)
localstack-main  | 2026-09-09T07:51:45.406 DEBUG --- [  MainThread] plux.runtime.manager       : loading plugin localstack.runtime.components:aws
localstack-main  | 2026-09-09T07:51:45.406 DEBUG --- [  MainThread] localstack.utils.run       : Executing command: rm -rf "/tmp/localstack"
localstack-main  | 2026-09-09T07:51:46.715 DEBUG --- [  MainThread] plux.runtime.manager       : instantiating plugin PluginSpec(localstack.hooks.on_infra_start._disable_iam_during_startup = <function _disable_iam_during_startup at 0xffff8b5b74c0>)
localstack-main  | 2026-09-09T07:51:46.715 DEBUG --- [  MainThread] plux.runtime.manager       : plugin localstack.hooks.on_infra_start:_disable_iam_during_startup is disabled, reason: Load condition for plugin was false
localstack-main  | 2026-09-09T07:51:46.715 DEBUG --- [  MainThread] plux.runtime.manager       : instantiating plugin PluginSpec(localstack.hooks.on_infra_start._patch_botocore_endpoint_in_memory = <function _patch_botocore_endpoint_in_memory at 0xffff8bc2f060>)
localstack-main  | 2026-09-09T07:51:46.715 DEBUG --- [  MainThread] plux.runtime.manager       : plugin localstack.hooks.on_infra_start:_patch_botocore_endpoint_in_memory is disabled, reason: Load condition for plugin was false
localstack-main  | 2026-09-09T07:51:46.715 DEBUG --- [  MainThread] plux.runtime.manager       : instantiating plugin PluginSpec(localstack.hooks.on_infra_start._patch_botocore_parser_serializer = <function _patch_botocore_parser_serializer at 0xffff8bc2ede0>)
localstack-main  | 2026-09-09T07:51:46.715 DEBUG --- [  MainThread] plux.runtime.manager       : loading plugin localstack.hooks.on_infra_start:_patch_botocore_parser_serializer
localstack-main  | 2026-09-09T07:51:46.715 DEBUG --- [  MainThread] plux.runtime.manager       : instantiating plugin PluginSpec(localstack.hooks.on_infra_start.add_custom_domain_names_resolving_to_localstack = <function add_custom_domain_names_resolving_to_localstack at 0xffff8b611ee0>)
localstack-main  | 2026-09-09T07:51:46.715 DEBUG --- [  MainThread] plux.runtime.manager       : loading plugin localstack.hooks.on_infra_start:add_custom_domain_names_resolving_to_localstack
localstack-main  | 2026-09-09T07:51:46.715 DEBUG --- [  MainThread] plux.runtime.manager       : instantiating plugin PluginSpec(localstack.hooks.on_infra_start.apply_aws_runtime_patches = <function apply_aws_runtime_patches at 0xffff86ab1620>)
localstack-main  | 2026-09-09T07:51:46.715 DEBUG --- [  MainThread] plux.runtime.manager       : loading plugin localstack.hooks.on_infra_start:apply_aws_runtime_patches
localstack-main  | 2026-09-09T07:51:46.715 DEBUG --- [  MainThread] plux.runtime.manager       : instantiating plugin PluginSpec(localstack.hooks.on_infra_start.enable_lambda_executor_licensing = <function enable_lambda_executor_licensing at 0xffff8b5ce840>)
localstack-main  | 2026-09-09T07:51:46.715 DEBUG --- [  MainThread] plux.runtime.manager       : loading plugin localstack.hooks.on_infra_start:enable_lambda_executor_licensing
localstack-main  | 2026-09-09T07:51:46.715 DEBUG --- [  MainThread] plux.runtime.manager       : instantiating plugin PluginSpec(localstack.hooks.on_infra_start.init_licenseinfo_handler = <function init_licenseinfo_handler at 0xffff86ab1b20>)
localstack-main  | 2026-09-09T07:51:46.715 DEBUG --- [  MainThread] plux.runtime.manager       : loading plugin localstack.hooks.on_infra_start:init_licenseinfo_handler
localstack-main  | 2026-09-09T07:51:46.715 DEBUG --- [  MainThread] plux.runtime.manager       : instantiating plugin PluginSpec(localstack.hooks.on_infra_start.init_resources_handler = <function init_resources_handler at 0xffff86ab1f80>)
localstack-main  | 2026-09-09T07:51:46.715 DEBUG --- [  MainThread] plux.runtime.manager       : loading plugin localstack.hooks.on_infra_start:init_resources_handler
localstack-main  | 2026-09-09T07:51:46.715 DEBUG --- [  MainThread] plux.runtime.manager       : instantiating plugin PluginSpec(localstack.hooks.on_infra_start.init_stackinfo_handler = <function init_stackinfo_handler at 0xffff86ab2340>)
localstack-main  | 2026-09-09T07:51:46.715 DEBUG --- [  MainThread] plux.runtime.manager       : loading plugin localstack.hooks.on_infra_start:init_stackinfo_handler
localstack-main  | 2026-09-09T07:51:46.715 DEBUG --- [  MainThread] plux.runtime.manager       : instantiating plugin PluginSpec(localstack.hooks.on_infra_start.register_avro_serialization_backend = <function register_avro_serialization_backend at 0xffff86ab2700>)
localstack-main  | 2026-09-09T07:51:46.715 DEBUG --- [  MainThread] plux.runtime.manager       : loading plugin localstack.hooks.on_infra_start:register_avro_serialization_backend
localstack-main  | 2026-09-09T07:51:46.715 DEBUG --- [  MainThread] plux.runtime.manager       : instantiating plugin PluginSpec(localstack.hooks.on_infra_start.register_aws_analytics_env_vars = <function register_aws_analytics_env_vars at 0xffff8b611b20>)
localstack-main  | 2026-09-09T07:51:46.715 DEBUG --- [  MainThread] plux.runtime.manager       : loading plugin localstack.hooks.on_infra_start:register_aws_analytics_env_vars
localstack-main  | 2026-09-09T07:51:46.715 DEBUG --- [  MainThread] plux.runtime.manager       : instantiating plugin PluginSpec(localstack.hooks.on_infra_start.register_aws_avro_plugins = <function register_aws_avro_plugins at 0xffff86ab2ac0>)
localstack-main  | 2026-09-09T07:51:46.715 DEBUG --- [  MainThread] plux.runtime.manager       : loading plugin localstack.hooks.on_infra_start:register_aws_avro_plugins
localstack-main  | 2026-09-09T07:51:46.715 DEBUG --- [  MainThread] plux.runtime.manager       : instantiating plugin PluginSpec(localstack.hooks.on_infra_start.register_aws_codec_rules = <function register_aws_codec_rules at 0xffff8b5f0540>)
localstack-main  | 2026-09-09T07:51:46.715 DEBUG --- [  MainThread] plux.runtime.manager       : loading plugin localstack.hooks.on_infra_start:register_aws_codec_rules
localstack-main  | 2026-09-09T07:51:46.715 DEBUG --- [  MainThread] plux.runtime.manager       : instantiating plugin PluginSpec(localstack.hooks.on_infra_start.register_aws_config_module = <function register_aws_config_module at 0xffff8b6119e0>)
localstack-main  | 2026-09-09T07:51:46.715 DEBUG --- [  MainThread] plux.runtime.manager       : loading plugin localstack.hooks.on_infra_start:register_aws_config_module
localstack-main  | 2026-09-09T07:51:46.715 DEBUG --- [  MainThread] plux.runtime.manager       : instantiating plugin PluginSpec(localstack.hooks.on_infra_start.register_aws_cors_rules = <function register_aws_cors_rules at 0xffff86ab2b60>)
localstack-main  | 2026-09-09T07:51:46.715 DEBUG --- [  MainThread] plux.runtime.manager       : loading plugin localstack.hooks.on_infra_start:register_aws_cors_rules
localstack-main  | 2026-09-09T07:51:46.715 DEBUG --- [  MainThread] plux.runtime.manager       : instantiating plugin PluginSpec(localstack.hooks.on_infra_start.register_aws_deprecations = <function register_aws_deprecations at 0xffff8b611c60>)
localstack-main  | 2026-09-09T07:51:46.715 DEBUG --- [  MainThread] plux.runtime.manager       : loading plugin localstack.hooks.on_infra_start:register_aws_deprecations
localstack-main  | 2026-09-09T07:51:46.715 DEBUG --- [  MainThread] plux.runtime.manager       : instantiating plugin PluginSpec(localstack.hooks.on_infra_start.register_aws_dns_name_patterns = <function register_aws_dns_name_patterns at 0xffff8b611d00>)
localstack-main  | 2026-09-09T07:51:46.715 DEBUG --- [  MainThread] plux.runtime.manager       : loading plugin localstack.hooks.on_infra_start:register_aws_dns_name_patterns
localstack-main  | 2026-09-09T07:51:46.715 DEBUG --- [  MainThread] plux.runtime.manager       : instantiating plugin PluginSpec(localstack.hooks.on_infra_start.register_aws_service_dependencies = <function register_aws_service_dependencies at 0xffff868994e0>)
localstack-main  | 2026-09-09T07:51:46.716 DEBUG --- [  MainThread] plux.runtime.manager       : loading plugin localstack.hooks.on_infra_start:register_aws_service_dependencies
localstack-main  | 2026-09-09T07:51:46.716 DEBUG --- [  MainThread] plux.runtime.manager       : instantiating plugin PluginSpec(localstack.hooks.on_infra_start.register_aws_validation_path_prefix = <function register_aws_validation_path_prefix at 0xffff8b611da0>)
localstack-main  | 2026-09-09T07:51:46.716 DEBUG --- [  MainThread] plux.runtime.manager       : loading plugin localstack.hooks.on_infra_start:register_aws_validation_path_prefix
localstack-main  | 2026-09-09T07:51:46.716 DEBUG --- [  MainThread] plux.runtime.manager       : instantiating plugin PluginSpec(localstack.hooks.on_infra_start.register_custom_endpoints = <function register_custom_endpoints at 0xffff8b5ce5c0>)
localstack-main  | 2026-09-09T07:51:46.716 DEBUG --- [  MainThread] plux.runtime.manager       : loading plugin localstack.hooks.on_infra_start:register_custom_endpoints
localstack-main  | 2026-09-09T07:51:46.716 DEBUG --- [  MainThread] plux.runtime.manager       : instantiating plugin PluginSpec(localstack.hooks.on_infra_start.register_eks_ec2_hooks = <function register_eks_ec2_hooks at 0xffff8b80bce0>)
localstack-main  | 2026-09-09T07:51:46.716 DEBUG --- [  MainThread] plux.runtime.manager       : loading plugin localstack.hooks.on_infra_start:register_eks_ec2_hooks
localstack-main  | 2026-09-09T07:51:46.716 DEBUG --- [  MainThread] plux.runtime.manager       : instantiating plugin PluginSpec(localstack.hooks.on_infra_start.register_eks_internal_resources = <function register_eks_internal_resources at 0xffff8b80bba0>)
localstack-main  | 2026-09-09T07:51:46.716 DEBUG --- [  MainThread] plux.runtime.manager       : loading plugin localstack.hooks.on_infra_start:register_eks_internal_resources
localstack-main  | 2026-09-09T07:51:46.716 DEBUG --- [  MainThread] plux.runtime.manager       : instantiating plugin PluginSpec(localstack.hooks.on_infra_start.register_lambda_debug_mode_endpoints = <function register_lambda_debug_mode_endpoints at 0xffff8b5ce980>)
localstack-main  | 2026-09-09T07:51:46.716 DEBUG --- [  MainThread] plux.runtime.manager       : loading plugin localstack.hooks.on_infra_start:register_lambda_debug_mode_endpoints
localstack-main  | 2026-09-09T07:51:46.716 DEBUG --- [  MainThread] plux.runtime.manager       : instantiating plugin PluginSpec(localstack.hooks.on_infra_start.register_launchpad_api = <function register_launchpad_api at 0xffff8689b920>)
localstack-main  | 2026-09-09T07:51:46.716 DEBUG --- [  MainThread] plux.runtime.manager       : loading plugin localstack.hooks.on_infra_start:register_launchpad_api
localstack-main  | 2026-09-09T07:51:46.716 DEBUG --- [  MainThread] plux.runtime.manager       : instantiating plugin PluginSpec(localstack.hooks.on_infra_start.register_store_valid_regions_resolver = <function register_store_valid_regions_resolver at 0xffff86ab1760>)
localstack-main  | 2026-09-09T07:51:46.716 DEBUG --- [  MainThread] plux.runtime.manager       : loading plugin localstack.hooks.on_infra_start:register_store_valid_regions_resolver
localstack-main  | 2026-09-09T07:51:46.716 DEBUG --- [  MainThread] plux.runtime.manager       : instantiating plugin PluginSpec(localstack.hooks.on_infra_start.validate_configuration = <function validate_configuration at 0xffff8b5ce480>)
localstack-main  | 2026-09-09T07:51:46.717 DEBUG --- [  MainThread] plux.runtime.manager       : loading plugin localstack.hooks.on_infra_start:validate_configuration
localstack-main  | 2026-09-09T07:51:46.717 DEBUG --- [  MainThread] plux.runtime.manager       : instantiating plugin PluginSpec(localstack.hooks.on_infra_start._publish_config_as_analytics_event = <function _publish_config_as_analytics_event at 0xffff8689bce0>)
localstack-main  | 2026-09-09T07:51:46.717 DEBUG --- [  MainThread] plux.runtime.manager       : loading plugin localstack.hooks.on_infra_start:_publish_config_as_analytics_event
localstack-main  | 2026-09-09T07:51:46.717 DEBUG --- [  MainThread] plux.runtime.manager       : instantiating plugin PluginSpec(localstack.hooks.on_infra_start._run_init_scripts_on_start = <function _run_init_scripts_on_start at 0xffff868a51c0>)
localstack-main  | 2026-09-09T07:51:46.717 DEBUG --- [  MainThread] plux.runtime.manager       : loading plugin localstack.hooks.on_infra_start:_run_init_scripts_on_start
localstack-main  | 2026-09-09T07:51:46.717 DEBUG --- [  MainThread] plux.runtime.manager       : instantiating plugin PluginSpec(localstack.hooks.on_infra_start.apply_runtime_patches = <function apply_runtime_patches at 0xffff868a5940>)
localstack-main  | 2026-09-09T07:51:46.717 DEBUG --- [  MainThread] plux.runtime.manager       : loading plugin localstack.hooks.on_infra_start:apply_runtime_patches
localstack-main  | 2026-09-09T07:51:46.717 DEBUG --- [  MainThread] plux.runtime.manager       : instantiating plugin PluginSpec(localstack.hooks.on_infra_start.conditionally_enable_debugger = <function conditionally_enable_debugger at 0xffff868a60c0>)
localstack-main  | 2026-09-09T07:51:46.717 DEBUG --- [  MainThread] plux.runtime.manager       : loading plugin localstack.hooks.on_infra_start:conditionally_enable_debugger
localstack-main  | 2026-09-09T07:51:46.717 DEBUG --- [  MainThread] plux.runtime.manager       : instantiating plugin PluginSpec(localstack.hooks.on_infra_start.delete_cached_certificate = <function delete_cached_certificate at 0xffff8b611760>)
localstack-main  | 2026-09-09T07:51:46.717 DEBUG --- [  MainThread] plux.runtime.manager       : plugin localstack.hooks.on_infra_start:delete_cached_certificate is disabled, reason: Load condition for plugin was false
localstack-main  | 2026-09-09T07:51:46.717 DEBUG --- [  MainThread] plux.runtime.manager       : instantiating plugin PluginSpec(localstack.hooks.on_infra_start.deprecation_warnings = <function deprecation_warnings at 0xffff8b611580>)
localstack-main  | 2026-09-09T07:51:46.717 DEBUG --- [  MainThread] plux.runtime.manager       : loading plugin localstack.hooks.on_infra_start:deprecation_warnings
localstack-main  | 2026-09-09T07:51:46.717 DEBUG --- [  MainThread] plux.runtime.manager       : instantiating plugin PluginSpec(localstack.hooks.on_infra_start.eager_load_services = <function eager_load_services at 0xffff8d717e20>)
localstack-main  | 2026-09-09T07:51:46.717 DEBUG --- [  MainThread] plux.runtime.manager       : plugin localstack.hooks.on_infra_start:eager_load_services is disabled, reason: Load condition for plugin was false
localstack-main  | 2026-09-09T07:51:46.717 DEBUG --- [  MainThread] plux.runtime.manager       : instantiating plugin PluginSpec(localstack.hooks.on_infra_start.init_response_mutation_handler = <function init_response_mutation_handler at 0xffff863a0220>)
localstack-main  | 2026-09-09T07:51:46.717 DEBUG --- [  MainThread] plux.runtime.manager       : loading plugin localstack.hooks.on_infra_start:init_response_mutation_handler
localstack-main  | 2026-09-09T07:51:46.717 DEBUG --- [  MainThread] plux.runtime.manager       : instantiating plugin PluginSpec(localstack.hooks.on_infra_start.kubernetes_api_patches = <function kubernetes_api_patches at 0xffff863a04a0>)
localstack-main  | 2026-09-09T07:51:46.717 DEBUG --- [  MainThread] plux.runtime.manager       : loading plugin localstack.hooks.on_infra_start:kubernetes_api_patches
localstack-main  | 2026-09-09T07:51:46.717 DEBUG --- [  MainThread] plux.runtime.manager       : instantiating plugin PluginSpec(localstack.hooks.on_infra_start.platform_plugins_add_service_plugin_listener = <function platform_plugins_add_service_plugin_listener at 0xffff863a0720>)
localstack-main  | 2026-09-09T07:51:46.717 DEBUG --- [  MainThread] plux.runtime.manager       : loading plugin localstack.hooks.on_infra_start:platform_plugins_add_service_plugin_listener
localstack-main  | 2026-09-09T07:51:46.717 DEBUG --- [  MainThread] plux.runtime.manager       : instantiating plugin PluginSpec(localstack.hooks.on_infra_start.platform_plugins_on_infra_start = <function platform_plugins_on_infra_start at 0xffff863a0860>)
localstack-main  | 2026-09-09T07:51:46.717 DEBUG --- [  MainThread] plux.runtime.manager       : loading plugin localstack.hooks.on_infra_start:platform_plugins_on_infra_start
localstack-main  | 2026-09-09T07:51:46.717 DEBUG --- [  MainThread] plux.runtime.manager       : instantiating plugin PluginSpec(localstack.hooks.on_infra_start.register_swagger_endpoints = <function register_swagger_endpoints at 0xffff863a23e0>)
localstack-main  | 2026-09-09T07:51:46.717 DEBUG --- [  MainThread] plux.runtime.manager       : loading plugin localstack.hooks.on_infra_start:register_swagger_endpoints
localstack-main  | 2026-09-09T07:51:46.717 DEBUG --- [  MainThread] plux.runtime.manager       : instantiating plugin PluginSpec(localstack.hooks.on_infra_start.setup_dns_configuration_on_host = <function setup_dns_configuration_on_host at 0xffff863a2a20>)
localstack-main  | 2026-09-09T07:51:46.717 DEBUG --- [  MainThread] plux.runtime.manager       : loading plugin localstack.hooks.on_infra_start:setup_dns_configuration_on_host
localstack-main  | 2026-09-09T07:51:46.717 DEBUG --- [  MainThread] plux.runtime.manager       : instantiating plugin PluginSpec(localstack.hooks.on_infra_start.start_dns_server = <function start_dns_server at 0xffff863a28e0>)
localstack-main  | 2026-09-09T07:51:46.717 DEBUG --- [  MainThread] plux.runtime.manager       : loading plugin localstack.hooks.on_infra_start:start_dns_server
localstack-main  | 2026-09-09T07:51:46.717 DEBUG --- [  MainThread] plux.runtime.manager       : instantiating plugin PluginSpec(localstack.hooks.on_infra_start.start_memory_profiler = <function start_memory_profiler at 0xffff863a31a0>)
localstack-main  | 2026-09-09T07:51:46.717 DEBUG --- [  MainThread] plux.runtime.manager       : plugin localstack.hooks.on_infra_start:start_memory_profiler is disabled, reason: Load condition for plugin was false
localstack-main  | 2026-09-09T07:51:46.717 DEBUG --- [  MainThread] plux.runtime.manager       : instantiating plugin PluginSpec(localstack.hooks.on_infra_start.validate_k8s_pod_config_on_start = <function validate_k8s_pod_config_on_start at 0xffff8bb7e5c0>)
localstack-main  | 2026-09-09T07:51:46.717 DEBUG --- [  MainThread] plux.runtime.manager       : plugin localstack.hooks.on_infra_start:validate_k8s_pod_config_on_start is disabled, reason: Load condition for plugin was false
localstack-main  | 2026-09-09T07:51:46.777 DEBUG --- [  MainThread] localstack.dns.server      : Determined fallback dns: 127.0.0.11
localstack-main  | 2026-09-09T07:51:46.777 DEBUG --- [  MainThread] localstack.dns.server      : Starting DNS servers (tcp/udp port 53 on 0.0.0.0)...
localstack-main  | 2026-09-09T07:51:46.777 DEBUG --- [  MainThread] localstack.dns.server      : Adding host .*localhost.localstack.cloud pointing to LocalStack
localstack-main  | 2026-09-09T07:51:46.777 DEBUG --- [  MainThread] localstack.dns.server      : Adding host .*localhost.localstack.cloud with record DynamicRecord(record_type=<RecordType.A: 1>, record_id=None)
localstack-main  | 2026-09-09T07:51:46.777 DEBUG --- [  MainThread] localstack.dns.server      : Adding host .*localhost.localstack.cloud with record DynamicRecord(record_type=<RecordType.AAAA: 2>, record_id=None)
localstack-main  | 2026-09-09T07:51:46.777 DEBUG --- [  MainThread] localstack.dns.server      : Adding host analytics-localhost.localstack.cloud pointing to LocalStack
localstack-main  | 2026-09-09T07:51:46.777 DEBUG --- [  MainThread] localstack.dns.server      : Adding host analytics-localhost.localstack.cloud with record DynamicRecord(record_type=<RecordType.A: 1>, record_id=None)
localstack-main  | 2026-09-09T07:51:46.777 DEBUG --- [  MainThread] localstack.dns.server      : Adding host analytics-localhost.localstack.cloud with record DynamicRecord(record_type=<RecordType.AAAA: 2>, record_id=None)
localstack-main  | 2026-09-09T07:51:46.777 DEBUG --- [  MainThread] localstack.dns.server      : Adding host control-storage-localhost.localstack.cloud pointing to LocalStack
localstack-main  | 2026-09-09T07:51:46.777 DEBUG --- [  MainThread] localstack.dns.server      : Adding host control-storage-localhost.localstack.cloud with record DynamicRecord(record_type=<RecordType.A: 1>, record_id=None)
localstack-main  | 2026-09-09T07:51:46.777 DEBUG --- [  MainThread] localstack.dns.server      : Adding host control-storage-localhost.localstack.cloud with record DynamicRecord(record_type=<RecordType.AAAA: 2>, record_id=None)
localstack-main  | 2026-09-09T07:51:46.777 DEBUG --- [  MainThread] localstack.dns.server      : Adding host data-localhost.localstack.cloud pointing to LocalStack
localstack-main  | 2026-09-09T07:51:46.777 DEBUG --- [  MainThread] localstack.dns.server      : Adding host data-localhost.localstack.cloud with record DynamicRecord(record_type=<RecordType.A: 1>, record_id=None)
localstack-main  | 2026-09-09T07:51:46.777 DEBUG --- [  MainThread] localstack.dns.server      : Adding host data-localhost.localstack.cloud with record DynamicRecord(record_type=<RecordType.AAAA: 2>, record_id=None)
localstack-main  | 2026-09-09T07:51:46.777 DEBUG --- [  MainThread] localstack.dns.server      : Adding host query-localhost.localstack.cloud pointing to LocalStack
localstack-main  | 2026-09-09T07:51:46.777 DEBUG --- [  MainThread] localstack.dns.server      : Adding host query-localhost.localstack.cloud with record DynamicRecord(record_type=<RecordType.A: 1>, record_id=None)
localstack-main  | 2026-09-09T07:51:46.777 DEBUG --- [  MainThread] localstack.dns.server      : Adding host query-localhost.localstack.cloud with record DynamicRecord(record_type=<RecordType.AAAA: 2>, record_id=None)
localstack-main  | 2026-09-09T07:51:46.777 DEBUG --- [  MainThread] localstack.dns.server      : Adding host runtime-localhost.localstack.cloud pointing to LocalStack
localstack-main  | 2026-09-09T07:51:46.777 DEBUG --- [  MainThread] localstack.dns.server      : Adding host runtime-localhost.localstack.cloud with record DynamicRecord(record_type=<RecordType.A: 1>, record_id=None)
localstack-main  | 2026-09-09T07:51:46.777 DEBUG --- [  MainThread] localstack.dns.server      : Adding host runtime-localhost.localstack.cloud with record DynamicRecord(record_type=<RecordType.AAAA: 2>, record_id=None)
localstack-main  | 2026-09-09T07:51:46.777 DEBUG --- [  MainThread] localstack.dns.server      : Adding host storage-localhost.localstack.cloud pointing to LocalStack
localstack-main  | 2026-09-09T07:51:46.777 DEBUG --- [  MainThread] localstack.dns.server      : Adding host storage-localhost.localstack.cloud with record DynamicRecord(record_type=<RecordType.A: 1>, record_id=None)
localstack-main  | 2026-09-09T07:51:46.777 DEBUG --- [  MainThread] localstack.dns.server      : Adding host storage-localhost.localstack.cloud with record DynamicRecord(record_type=<RecordType.AAAA: 2>, record_id=None)
localstack-main  | 2026-09-09T07:51:46.777 DEBUG --- [  MainThread] localstack.dns.server      : Adding host stream-localhost.localstack.cloud pointing to LocalStack
localstack-main  | 2026-09-09T07:51:46.777 DEBUG --- [  MainThread] localstack.dns.server      : Adding host stream-localhost.localstack.cloud with record DynamicRecord(record_type=<RecordType.A: 1>, record_id=None)
localstack-main  | 2026-09-09T07:51:46.777 DEBUG --- [  MainThread] localstack.dns.server      : Adding host stream-localhost.localstack.cloud with record DynamicRecord(record_type=<RecordType.AAAA: 2>, record_id=None)
localstack-main  | 2026-09-09T07:51:46.777 DEBUG --- [  MainThread] localstack.dns.server      : Adding host sync-localhost.localstack.cloud pointing to LocalStack
localstack-main  | 2026-09-09T07:51:46.777 DEBUG --- [  MainThread] localstack.dns.server      : Adding host sync-localhost.localstack.cloud with record DynamicRecord(record_type=<RecordType.A: 1>, record_id=None)
localstack-main  | 2026-09-09T07:51:46.777 DEBUG --- [  MainThread] localstack.dns.server      : Adding host sync-localhost.localstack.cloud with record DynamicRecord(record_type=<RecordType.AAAA: 2>, record_id=None)
localstack-main  | 2026-09-09T07:51:46.777 DEBUG --- [  MainThread] localstack.dns.server      : Adding host tags-localhost.localstack.cloud pointing to LocalStack
localstack-main  | 2026-09-09T07:51:46.777 DEBUG --- [  MainThread] localstack.dns.server      : Adding host tags-localhost.localstack.cloud with record DynamicRecord(record_type=<RecordType.A: 1>, record_id=None)
localstack-main  | 2026-09-09T07:51:46.777 DEBUG --- [  MainThread] localstack.dns.server      : Adding host tags-localhost.localstack.cloud with record DynamicRecord(record_type=<RecordType.AAAA: 2>, record_id=None)
localstack-main  | 2026-09-09T07:51:46.777 DEBUG --- [  MainThread] localstack.dns.server      : Adding host workflows-localhost.localstack.cloud pointing to LocalStack
localstack-main  | 2026-09-09T07:51:46.778 DEBUG --- [  MainThread] localstack.dns.server      : Adding host workflows-localhost.localstack.cloud with record DynamicRecord(record_type=<RecordType.A: 1>, record_id=None)
localstack-main  | 2026-09-09T07:51:46.778 DEBUG --- [  MainThread] localstack.dns.server      : Adding host workflows-localhost.localstack.cloud with record DynamicRecord(record_type=<RecordType.AAAA: 2>, record_id=None)
localstack-main  | 2026-09-09T07:51:46.779 DEBUG --- [-functhread1] localstack.dns.server      : DNS Server started
localstack-main  | 2026-09-09T07:51:46.781 DEBUG --- [  MainThread] localstack.dns.server      : DNS server startup finished.
localstack-main  | 2026-09-09T07:51:46.788  WARN --- [  MainThread] l.services.internal        : Enabling diagnose endpoint, please be aware that this can expose sensitive information via your network.
localstack-main  | 2026-09-09T07:51:48.913 DEBUG --- [  MainThread] localstack.runtime.init    : Init scripts discovered: {BOOT: [], START: [], READY: [], SHUTDOWN: []}
localstack-main  | 2026-09-09T07:51:48.914 DEBUG --- [  MainThread] localstack.plugins         : Checking for the usage of deprecated community features and configs...
localstack-main  | 2026-09-09T07:51:49.018 DEBUG --- [  MainThread] plux.runtime.manager       : instantiating plugin PluginSpec(localstack.platform.plugin.appinspector = <class 'localstack.pro.core.appinspector.plugins.AppInspectorPlugin'>)
localstack-main  | 2026-09-09T07:51:49.018 DEBUG --- [  MainThread] plux.runtime.manager       : loading plugin localstack.platform.plugin:appinspector
localstack-main  | 2026-09-09T07:51:49.018 DEBUG --- [  MainThread] plux.runtime.manager       : instantiating plugin PluginSpec(localstack.platform.plugin.aws-request-analytics = <class 'localstack.pro.core.aws.analytics.plugins.AwsRequestAnalyticsPlugin'>)
localstack-main  | 2026-09-09T07:51:49.018 DEBUG --- [  MainThread] plux.runtime.manager       : loading plugin localstack.platform.plugin:aws-request-analytics
localstack-main  | 2026-09-09T07:51:49.018 DEBUG --- [  MainThread] plux.runtime.manager       : instantiating plugin PluginSpec(localstack.platform.plugin.base-persistence = <class 'localstack.pro.core.persistence.plugins.BasePersistence'>)
localstack-main  | 2026-09-09T07:51:49.018 DEBUG --- [  MainThread] plux.runtime.manager       : loading plugin localstack.platform.plugin:base-persistence
localstack-main  | 2026-09-09T07:51:49.018 DEBUG --- [  MainThread] plux.runtime.manager       : instantiating plugin PluginSpec(localstack.platform.plugin.bedrock-extension = <class 'localstack.pro.core.services.bedrock.plugins.BedrockExtensionPlugin'>)
localstack-main  | 2026-09-09T07:51:49.018 DEBUG --- [  MainThread] plux.runtime.manager       : plugin localstack.platform.plugin:bedrock-extension is disabled, reason: Load condition for plugin was false
localstack-main  | 2026-09-09T07:51:49.018 DEBUG --- [  MainThread] plux.runtime.manager       : instantiating plugin PluginSpec(localstack.platform.plugin.chaos = <class 'localstack.pro.core.chaos.plugin.ChaosPlugin'>)
localstack-main  | 2026-09-09T07:51:49.018 DEBUG --- [  MainThread] plux.runtime.manager       : loading plugin localstack.platform.plugin:chaos
localstack-main  | 2026-09-09T07:51:49.018 DEBUG --- [  MainThread] plux.runtime.manager       : instantiating plugin PluginSpec(localstack.platform.plugin.chaos-basic = <class 'localstack.pro.core.chaos.plugin.ChaosBasicPlugin'>)
localstack-main  | 2026-09-09T07:51:49.019 DEBUG --- [  MainThread] plux.runtime.manager       : plugin localstack.platform.plugin:chaos-basic is disabled, reason: Load condition for plugin was false
localstack-main  | 2026-09-09T07:51:49.019 DEBUG --- [  MainThread] plux.runtime.manager       : instantiating plugin PluginSpec(localstack.platform.plugin.ecs-firelens = <class 'localstack.pro.core.services.ecs.log_collectors.firelens.EcsFirelensPlatformPlugin'>)
localstack-main  | 2026-09-09T07:51:49.019 DEBUG --- [  MainThread] plux.runtime.manager       : loading plugin localstack.platform.plugin:ecs-firelens
localstack-main  | 2026-09-09T07:51:49.019 DEBUG --- [  MainThread] plux.runtime.manager       : instantiating plugin PluginSpec(localstack.platform.plugin.ecs-k8s-task-executor = <class 'localstack.pro.core.services.ecs.plugins.EcsK8sPlatformPlugin'>)
localstack-main  | 2026-09-09T07:51:49.019 DEBUG --- [  MainThread] plux.runtime.manager       : plugin localstack.platform.plugin:ecs-k8s-task-executor is disabled, reason: Load condition for plugin was false
localstack-main  | 2026-09-09T07:51:49.019 DEBUG --- [  MainThread] plux.runtime.manager       : instantiating plugin PluginSpec(localstack.platform.plugin.fis-emulation = <class 'localstack.pro.core.services.fis.plugins.FisEmulationPlatformPlugin'>)
localstack-main  | 2026-09-09T07:51:49.019 DEBUG --- [  MainThread] plux.runtime.manager       : loading plugin localstack.platform.plugin:fis-emulation
localstack-main  | 2026-09-09T07:51:49.019 DEBUG --- [  MainThread] plux.runtime.manager       : instantiating plugin PluginSpec(localstack.platform.plugin.iam-enforcement = <class 'localstack.pro.core.services.iam.plugins.IamEnforcementPlugin'>)
localstack-main  | 2026-09-09T07:51:49.019 DEBUG --- [  MainThread] plux.runtime.manager       : loading plugin localstack.platform.plugin:iam-enforcement
localstack-main  | 2026-09-09T07:51:49.019 DEBUG --- [  MainThread] plux.runtime.manager       : instantiating plugin PluginSpec(localstack.platform.plugin.iam-stream = <class 'localstack.pro.core.services.iam.plugins.IamStreamPlugin'>)
localstack-main  | 2026-09-09T07:51:49.019 DEBUG --- [  MainThread] plux.runtime.manager       : loading plugin localstack.platform.plugin:iam-stream
localstack-main  | 2026-09-09T07:51:49.019 DEBUG --- [  MainThread] plux.runtime.manager       : instantiating plugin PluginSpec(localstack.platform.plugin.lambda-esm-kafka = <class 'localstack.pro.core.services.lambda_.event_source_mapping.plugins.KafkaEsmPollerPlugin'>)
localstack-main  | 2026-09-09T07:51:49.019 DEBUG --- [  MainThread] plux.runtime.manager       : loading plugin localstack.platform.plugin:lambda-esm-kafka
localstack-main  | 2026-09-09T07:51:49.019 DEBUG --- [  MainThread] plux.runtime.manager       : instantiating plugin PluginSpec(localstack.platform.plugin.lambda-ldm = <class 'localstack.pro.core.services.lambda_.lambda_debug_mode.plugins.LDMPlugin'>)
localstack-main  | 2026-09-09T07:51:49.019 DEBUG --- [  MainThread] plux.runtime.manager       : loading plugin localstack.platform.plugin:lambda-ldm
localstack-main  | 2026-09-09T07:51:49.019 DEBUG --- [  MainThread] plux.runtime.manager       : instantiating plugin PluginSpec(localstack.platform.plugin.non-default-partitions = <class 'localstack.pro.core.aws.plugins.NonDefaultPartitionPlugin'>)
localstack-main  | 2026-09-09T07:51:49.019 DEBUG --- [  MainThread] plux.runtime.manager       : loading plugin localstack.platform.plugin:non-default-partitions
localstack-main  | 2026-09-09T07:51:49.019 DEBUG --- [  MainThread] plux.runtime.manager       : instantiating plugin PluginSpec(localstack.platform.plugin.pod-encryption = <class 'localstack.pro.core.persistence.pods.plugins.PodEncryptionPlugin'>)
localstack-main  | 2026-09-09T07:51:49.020 DEBUG --- [  MainThread] plux.runtime.manager       : plugin localstack.platform.plugin:pod-encryption is disabled, reason: This feature is not part of the active license agreement
localstack-main  | 2026-09-09T07:51:49.020 DEBUG --- [  MainThread] plux.runtime.manager       : instantiating plugin PluginSpec(localstack.platform.plugin.pods = <class 'localstack.pro.core.persistence.pods.plugins.PodsPlugin'>)
localstack-main  | 2026-09-09T07:51:49.020 DEBUG --- [  MainThread] plux.runtime.manager       : loading plugin localstack.platform.plugin:pods
localstack-main  | 2026-09-09T07:51:49.020 DEBUG --- [  MainThread] plux.runtime.manager       : instantiating plugin PluginSpec(localstack.platform.plugin.replicator = <class 'localstack.pro.core.replicator.plugins.ReplicatorPlugin'>)
localstack-main  | 2026-09-09T07:51:49.020 DEBUG --- [  MainThread] plux.runtime.manager       : loading plugin localstack.platform.plugin:replicator
localstack-main  | 2026-09-09T07:51:49.020 DEBUG --- [  MainThread] plux.runtime.manager       : instantiating plugin PluginSpec(localstack.platform.plugin.snapshot = <class 'localstack.pro.core.persistence.snapshot.plugins.SnapshotPlugin'>)
localstack-main  | 2026-09-09T07:51:49.020 DEBUG --- [  MainThread] plux.runtime.manager       : plugin localstack.platform.plugin:snapshot is disabled, reason: Load condition for plugin was false
localstack-main  | 2026-09-09T07:51:49.020 DEBUG --- [  MainThread] plux.runtime.manager       : instantiating plugin PluginSpec(localstack.platform.plugin.state-reset = <class 'localstack.pro.core.persistence.reset.plugins.StateResetPlugin'>)
localstack-main  | 2026-09-09T07:51:49.020 DEBUG --- [  MainThread] plux.runtime.manager       : loading plugin localstack.platform.plugin:state-reset
localstack-main  | 2026-09-09T07:51:49.020 DEBUG --- [  MainThread] plux.runtime.manager       : instantiating plugin PluginSpec(localstack.platform.plugin.transparent-endpoint-injection = <class 'localstack.pro.core.dns.plugins.TransparentEndpointInjectionPlugin'>)
localstack-main  | 2026-09-09T07:51:49.020 DEBUG --- [  MainThread] plux.runtime.manager       : loading plugin localstack.platform.plugin:transparent-endpoint-injection
localstack-main  | 2026-09-09T07:51:49.020 DEBUG --- [  MainThread] plux.runtime.manager       : instantiating plugin PluginSpec(localstack.platform.plugin.xray-extension = <class 'localstack.pro.core.services.xray.plugins.XRayExtensionPlugin'>)
localstack-main  | 2026-09-09T07:51:49.020 DEBUG --- [  MainThread] plux.runtime.manager       : loading plugin localstack.platform.plugin:xray-extension
localstack-main  | 2026-09-09T07:51:49.020 DEBUG --- [  MainThread] plux.runtime.manager       : instantiating plugin PluginSpec(localstack.platform.plugin.certificates = <class 'localstack.certificates.plugins.CertificatesPlugin'>)
localstack-main  | 2026-09-09T07:51:49.020 DEBUG --- [  MainThread] plux.runtime.manager       : loading plugin localstack.platform.plugin:certificates
localstack-main  | 2026-09-09T07:51:49.020 DEBUG --- [  MainThread] plux.runtime.manager       : instantiating plugin PluginSpec(localstack.platform.plugin.customizable_registry_strategy = <class 'localstack.utils.container.plugins.CustomizableRegistryStrategyPlugin'>)
localstack-main  | 2026-09-09T07:51:49.020 DEBUG --- [  MainThread] plux.runtime.manager       : loading plugin localstack.platform.plugin:customizable_registry_strategy
localstack-main  | 2026-09-09T07:51:49.020 DEBUG --- [  MainThread] plux.runtime.manager       : instantiating plugin PluginSpec(localstack.platform.plugin.extensions = <class 'localstack.extensions.plugins.ExtensionsPlugin'>)
localstack-main  | 2026-09-09T07:51:49.020 DEBUG --- [  MainThread] plux.runtime.manager       : loading plugin localstack.platform.plugin:extensions
localstack-main  | 2026-09-09T07:51:49.020 DEBUG --- [  MainThread] plux.runtime.manager       : instantiating plugin PluginSpec(localstack.platform.plugin.twins = <class 'localstack.pro.twins.plugins.TwinsPlatformPlugin'>)
localstack-main  | 2026-09-09T07:51:49.020 DEBUG --- [  MainThread] plux.runtime.manager       : loading plugin localstack.platform.plugin:twins
localstack-main  | 2026-09-09T07:51:49.074 DEBUG --- [  MainThread] l.pro.core.plugins         : setting up transparent endpoint injection
localstack-main  | 2026-09-09T07:51:49.074 DEBUG --- [  MainThread] localstack.dns.server      : Adding host .*.amazonaws.com pointing to LocalStack
localstack-main  | 2026-09-09T07:51:49.074 DEBUG --- [  MainThread] localstack.dns.server      : Adding host .*.amazonaws.com with record DynamicRecord(record_type=<RecordType.A: 1>, record_id=None)
localstack-main  | 2026-09-09T07:51:49.075 DEBUG --- [  MainThread] localstack.dns.server      : Adding host .*.amazonaws.com with record DynamicRecord(record_type=<RecordType.AAAA: 2>, record_id=None)
localstack-main  | 2026-09-09T07:51:49.075 DEBUG --- [  MainThread] localstack.dns.server      : Adding host .*aws.amazon.com pointing to LocalStack
localstack-main  | 2026-09-09T07:51:49.075 DEBUG --- [  MainThread] localstack.dns.server      : Adding host .*aws.amazon.com with record DynamicRecord(record_type=<RecordType.A: 1>, record_id=None)
localstack-main  | 2026-09-09T07:51:49.075 DEBUG --- [  MainThread] localstack.dns.server      : Adding host .*aws.amazon.com with record DynamicRecord(record_type=<RecordType.AAAA: 2>, record_id=None)
localstack-main  | 2026-09-09T07:51:49.075 DEBUG --- [  MainThread] localstack.dns.server      : Adding host .*cloudfront.net pointing to LocalStack
localstack-main  | 2026-09-09T07:51:49.075 DEBUG --- [  MainThread] localstack.dns.server      : Adding host .*cloudfront.net with record DynamicRecord(record_type=<RecordType.A: 1>, record_id=None)
localstack-main  | 2026-09-09T07:51:49.075 DEBUG --- [  MainThread] localstack.dns.server      : Adding host .*cloudfront.net with record DynamicRecord(record_type=<RecordType.AAAA: 2>, record_id=None)
localstack-main  | 2026-09-09T07:51:49.075 DEBUG --- [  MainThread] localstack.dns.server      : Adding skip pattern ^github-production-release-.*\.s3(\.[^\.]+)?\.amazonaws\.com
localstack-main  | 2026-09-09T07:51:49.075 DEBUG --- [  MainThread] localstack.dns.server      : Adding skip pattern ^(?:prod|staging)sharedcertsstack-.*\.s3(\.[^\.]+)?\.amazonaws\.com
localstack-main  | 2026-09-09T07:51:49.075 DEBUG --- [  MainThread] localstack.dns.server      : Adding skip pattern ^localstack-assets\.s3(\.[^\.]+)?\.amazonaws\.com
localstack-main  | 2026-09-09T07:51:49.075 DEBUG --- [  MainThread] localstack.dns.server      : Adding skip pattern ^localstack-pods-.*\.s3(\.[^\.]+)?\.amazonaws\.com
localstack-main  | 2026-09-09T07:51:49.075 DEBUG --- [  MainThread] localstack.dns.server      : Adding skip pattern ^aws-glue-etl-artifacts\.s3(\.[^\.]+)?\.amazonaws\.com
localstack-main  | 2026-09-09T07:51:49.075 DEBUG --- [  MainThread] localstack.dns.server      : Adding skip pattern .*(checkip|forums|console|docs|clientvpn|sso|boto3|(signin(\-reg)?))\.([^\.]+\.)?(aws\.amazon|amazonaws)\.com
localstack-main  | 2026-09-09T07:51:49.075 DEBUG --- [  MainThread] localstack.dns.server      : Adding skip pattern ^d2glxqk2uabbnd\.cloudfront\.net
localstack-main  | 2026-09-09T07:51:49.075 DEBUG --- [  MainThread] localstack.dns.server      : Adding skip pattern .*captcha-prod\.s3(\.[^\.]+)?\.amazonaws\.com
localstack-main  | 2026-09-09T07:51:49.075 DEBUG --- [  MainThread] localstack.dns.server      : Adding skip pattern ^prod-registry-k8s-io-.*\.s3\.(dualstack\.)?.*\.amazonaws\.com
localstack-main  | 2026-09-09T07:51:49.075 DEBUG --- [  MainThread] localstack.dns.server      : Adding skip pattern ^redshift-maven-repository\.s3(\.[^\.]+)?\.amazonaws\.com
localstack-main  | 2026-09-09T07:51:49.075 DEBUG --- [  MainThread] localstack.dns.server      : Adding skip pattern ^aws\.amazon\.com
localstack-main  | 2026-09-09T07:51:49.075  INFO --- [  MainThread] l.extensions.plugins       : loaded 0 extensions
localstack-main  | 2026-09-09T07:51:49.076 DEBUG --- [  MainThread] l.extensions.plugins       : calling extensions on_platform_start
localstack-main  | 2026-09-09T07:51:49.076 DEBUG --- [  MainThread] l.extensions.plugins       : calling extensions update_gateway_routes
localstack-main  | 2026-09-09T07:51:49.076 DEBUG --- [  MainThread] l.extensions.plugins       : calling extensions update_request_handlers
localstack-main  | 2026-09-09T07:51:49.076 DEBUG --- [  MainThread] l.extensions.plugins       : calling extensions update_response_handlers
localstack-main  | 2026-09-09T07:51:49.076 DEBUG --- [  MainThread] l.extensions.plugins       : calling extensions update_exception_handlers
localstack-main  | 2026-09-09T07:51:49.076 DEBUG --- [  MainThread] l.extensions.plugins       : calling extensions update_finalizers
localstack-main  | 2026-09-09T07:51:49.076 DEBUG --- [  MainThread] plux.runtime.manager       : plugin localstack.platform.plugin:bedrock-extension is disabled, reason: Load condition for plugin was false
localstack-main  | 2026-09-09T07:51:49.076 DEBUG --- [  MainThread] plux.runtime.manager       : plugin localstack.platform.plugin:chaos-basic is disabled, reason: Load condition for plugin was false
localstack-main  | 2026-09-09T07:51:49.076 DEBUG --- [  MainThread] plux.runtime.manager       : plugin localstack.platform.plugin:ecs-k8s-task-executor is disabled, reason: Load condition for plugin was false
localstack-main  | 2026-09-09T07:51:49.076 DEBUG --- [  MainThread] plux.runtime.manager       : plugin localstack.platform.plugin:pod-encryption is disabled, reason: This feature is not part of the active license agreement
localstack-main  | 2026-09-09T07:51:49.076 DEBUG --- [  MainThread] plux.runtime.manager       : plugin localstack.platform.plugin:snapshot is disabled, reason: Load condition for plugin was false
localstack-main  | 2026-09-09T07:51:49.224 DEBUG --- [  MainThread] plux.runtime.manager       : instantiating plugin PluginSpec(localstack.services.organizations.plugins.policies = <class 'localstack.pro.core.services.organizations.organizations_plugin.OrganizationsPoliciesPlugin'>)
localstack-main  | 2026-09-09T07:51:49.224 DEBUG --- [  MainThread] plux.runtime.manager       : loading plugin localstack.services.organizations.plugins:policies
localstack-main  | 2026-09-09T07:51:49.224 DEBUG --- [  MainThread] l.p.c.services.iam.router  : Adding IAM policy enforcement routes...
localstack-main  | 2026-09-09T07:51:49.234 DEBUG --- [  MainThread] l.p.c.services.iam.router  : Adding IAM policy generation routes...
localstack-main  | 2026-09-09T07:51:49.248 DEBUG --- [  MainThread] l.pro.twins.plugins        : Twins: no twins enabled (set TWINS_ENABLED to a comma-separated list of twin names)
localstack-main  | 2026-09-09T07:51:49.248 DEBUG --- [  MainThread] plux.runtime.manager       : plugin localstack.platform.plugin:bedrock-extension is disabled, reason: Load condition for plugin was false
localstack-main  | 2026-09-09T07:51:49.248 DEBUG --- [  MainThread] plux.runtime.manager       : plugin localstack.platform.plugin:chaos-basic is disabled, reason: Load condition for plugin was false
localstack-main  | 2026-09-09T07:51:49.248 DEBUG --- [  MainThread] plux.runtime.manager       : plugin localstack.platform.plugin:ecs-k8s-task-executor is disabled, reason: Load condition for plugin was false
localstack-main  | 2026-09-09T07:51:49.248 DEBUG --- [  MainThread] plux.runtime.manager       : plugin localstack.platform.plugin:pod-encryption is disabled, reason: This feature is not part of the active license agreement
localstack-main  | 2026-09-09T07:51:49.248 DEBUG --- [  MainThread] plux.runtime.manager       : plugin localstack.platform.plugin:snapshot is disabled, reason: Load condition for plugin was false
localstack-main  | 2026-09-09T07:51:49.313 DEBUG --- [  MainThread] localstack.appinspector    : Adding AppInspector status, API, and WebSocket routes ...
localstack-main  | 2026-09-09T07:51:49.950  INFO --- [  MainThread] alembic.runtime.plugins    : setup plugin alembic.autogenerate.schemas
localstack-main  | 2026-09-09T07:51:49.950  INFO --- [  MainThread] alembic.runtime.plugins    : setup plugin alembic.autogenerate.tables
localstack-main  | 2026-09-09T07:51:49.950  INFO --- [  MainThread] alembic.runtime.plugins    : setup plugin alembic.autogenerate.types
localstack-main  | 2026-09-09T07:51:49.950  INFO --- [  MainThread] alembic.runtime.plugins    : setup plugin alembic.autogenerate.constraints
localstack-main  | 2026-09-09T07:51:49.950  INFO --- [  MainThread] alembic.runtime.plugins    : setup plugin alembic.autogenerate.defaults
localstack-main  | 2026-09-09T07:51:49.950  INFO --- [  MainThread] alembic.runtime.plugins    : setup plugin alembic.autogenerate.comments
localstack-main  | 2026-09-09T07:51:49.950  INFO --- [  MainThread] alembic.runtime.plugins    : setup plugin alembic.autogenerate.checkconstraint_byname
localstack-main  | 2026-09-09T07:51:51.221 DEBUG --- [  MainThread] l.p.core.replicator.router : Adding replicator routes...
localstack-main  | 2026-09-09T07:51:51.357 DEBUG --- [  MainThread] plux.runtime.manager       : plugin localstack.platform.plugin:bedrock-extension is disabled, reason: Load condition for plugin was false
localstack-main  | 2026-09-09T07:51:51.357 DEBUG --- [  MainThread] plux.runtime.manager       : plugin localstack.platform.plugin:chaos-basic is disabled, reason: Load condition for plugin was false
localstack-main  | 2026-09-09T07:51:51.357 DEBUG --- [  MainThread] plux.runtime.manager       : plugin localstack.platform.plugin:ecs-k8s-task-executor is disabled, reason: Load condition for plugin was false
localstack-main  | 2026-09-09T07:51:51.357 DEBUG --- [  MainThread] plux.runtime.manager       : plugin localstack.platform.plugin:pod-encryption is disabled, reason: This feature is not part of the active license agreement
localstack-main  | 2026-09-09T07:51:51.357 DEBUG --- [  MainThread] plux.runtime.manager       : plugin localstack.platform.plugin:snapshot is disabled, reason: Load condition for plugin was false
localstack-main  | 2026-09-09T07:51:51.365 DEBUG --- [  MainThread] plux.runtime.manager       : plugin localstack.platform.plugin:bedrock-extension is disabled, reason: Load condition for plugin was false
localstack-main  | 2026-09-09T07:51:51.365 DEBUG --- [  MainThread] plux.runtime.manager       : plugin localstack.platform.plugin:chaos-basic is disabled, reason: Load condition for plugin was false
localstack-main  | 2026-09-09T07:51:51.365 DEBUG --- [  MainThread] plux.runtime.manager       : plugin localstack.platform.plugin:ecs-k8s-task-executor is disabled, reason: Load condition for plugin was false
localstack-main  | 2026-09-09T07:51:51.365 DEBUG --- [  MainThread] plux.runtime.manager       : plugin localstack.platform.plugin:pod-encryption is disabled, reason: This feature is not part of the active license agreement
localstack-main  | 2026-09-09T07:51:51.365 DEBUG --- [  MainThread] plux.runtime.manager       : plugin localstack.platform.plugin:snapshot is disabled, reason: Load condition for plugin was false
localstack-main  | 2026-09-09T07:51:51.384 DEBUG --- [  MainThread] localstack.dns.server      : Overwriting container DNS server to point to localhost
localstack-main  | 2026-09-09T07:51:51.384 DEBUG --- [  MainThread] localstack.utils.ssl       : Using cached SSL certificate (less than 24hrs since last update).
localstack-main  | 2026-09-09T07:51:51.393 DEBUG --- [  MainThread] localstack.runtime.runtime : Listening on 0.0.0.0:4566,0.0.0.0:443
localstack-main  | 2026-09-09T07:51:51.394 DEBUG --- [  MainThread] plux.runtime.manager       : instantiating plugin PluginSpec(localstack.runtime.server.twisted = <class 'localstack.runtime.server.plugins.TwistedRuntimeServerPlugin'>)
localstack-main  | 2026-09-09T07:51:51.394 DEBUG --- [  MainThread] plux.runtime.manager       : loading plugin localstack.runtime.server:twisted
localstack-main  | 2026-09-09T07:51:51.448 DEBUG --- [ady_monitor)] plux.runtime.manager       : instantiating plugin PluginSpec(localstack.hooks.on_infra_ready._enable_iam_after_ready = <function _enable_iam_after_ready at 0xffff8b5b7600>)
localstack-main  | 2026-09-09T07:51:51.448 DEBUG --- [ady_monitor)] plux.runtime.manager       : plugin localstack.hooks.on_infra_ready:_enable_iam_after_ready is disabled, reason: Load condition for plugin was false
localstack-main  | 2026-09-09T07:51:51.448 DEBUG --- [ady_monitor)] plux.runtime.manager       : instantiating plugin PluginSpec(localstack.hooks.on_infra_ready._run_init_scripts_on_ready = <function _run_init_scripts_on_ready at 0xffff868a5300>)
localstack-main  | 2026-09-09T07:51:51.448 DEBUG --- [ady_monitor)] plux.runtime.manager       : loading plugin localstack.hooks.on_infra_ready:_run_init_scripts_on_ready
localstack-main  | 2026-09-09T07:51:51.448 DEBUG --- [ady_monitor)] plux.runtime.manager       : instantiating plugin PluginSpec(localstack.hooks.on_infra_ready.platform_plugins_on_infra_ready = <function platform_plugins_on_infra_ready at 0xffff863a09a0>)
localstack-main  | 2026-09-09T07:51:51.448 DEBUG --- [ady_monitor)] plux.runtime.manager       : loading plugin localstack.hooks.on_infra_ready:platform_plugins_on_infra_ready
localstack-main  | 2026-09-09T07:51:51.448 DEBUG --- [ady_monitor)] plux.runtime.manager       : plugin localstack.platform.plugin:bedrock-extension is disabled, reason: Load condition for plugin was false
localstack-main  | 2026-09-09T07:51:51.448 DEBUG --- [ady_monitor)] plux.runtime.manager       : plugin localstack.platform.plugin:chaos-basic is disabled, reason: Load condition for plugin was false
localstack-main  | 2026-09-09T07:51:51.448 DEBUG --- [ady_monitor)] plux.runtime.manager       : plugin localstack.platform.plugin:ecs-k8s-task-executor is disabled, reason: Load condition for plugin was false
localstack-main  | 2026-09-09T07:51:51.448 DEBUG --- [ady_monitor)] plux.runtime.manager       : plugin localstack.platform.plugin:pod-encryption is disabled, reason: This feature is not part of the active license agreement
localstack-main  | 2026-09-09T07:51:51.448 DEBUG --- [ady_monitor)] plux.runtime.manager       : plugin localstack.platform.plugin:snapshot is disabled, reason: Load condition for plugin was false
localstack-main  | 2026-09-09T07:51:51.453 DEBUG --- [ady_monitor)] l.extensions.plugins       : calling extensions on_platform_ready
localstack-main  | Ready.
localstack-main  | 2026-09-09T07:52:07.569 DEBUG --- [et.reactor-0] l.pro.core.aws.spec        : loading service catalog index cache file /usr/lib/localstack/service-catalog-2026_8_1-1_43_78.dill
localstack-main  | 2026-09-09T07:52:07.625 DEBUG --- [et.reactor-0] plux.runtime.manager       : instantiating plugin PluginSpec(localstack.aws.provider.iam:default = <function iam_basic at 0xffff8b5b6fc0>)
localstack-main  | 2026-09-09T07:52:07.625 DEBUG --- [et.reactor-0] plux.runtime.manager       : loading plugin localstack.aws.provider:iam:default
localstack-main  | 2026-09-09T07:52:07.837 DEBUG --- [et.reactor-0] plux.runtime.manager       : plugin localstack.platform.plugin:bedrock-extension is disabled, reason: Load condition for plugin was false
localstack-main  | 2026-09-09T07:52:07.837 DEBUG --- [et.reactor-0] plux.runtime.manager       : plugin localstack.platform.plugin:chaos-basic is disabled, reason: Load condition for plugin was false
localstack-main  | 2026-09-09T07:52:07.837 DEBUG --- [et.reactor-0] plux.runtime.manager       : plugin localstack.platform.plugin:ecs-k8s-task-executor is disabled, reason: Load condition for plugin was false
localstack-main  | 2026-09-09T07:52:07.837 DEBUG --- [et.reactor-0] plux.runtime.manager       : plugin localstack.platform.plugin:pod-encryption is disabled, reason: This feature is not part of the active license agreement
localstack-main  | 2026-09-09T07:52:07.837 DEBUG --- [et.reactor-0] plux.runtime.manager       : plugin localstack.platform.plugin:snapshot is disabled, reason: Load condition for plugin was false
localstack-main  | 2026-09-09T07:52:07.839  INFO --- [et.reactor-0] l.p.c.services.iam.plugins : Configured IAM provider to use Advance Policy Simulator
localstack-main  | 2026-09-09T07:52:07.899 DEBUG --- [et.reactor-1] plux.runtime.manager       : instantiating plugin PluginSpec(localstack.aws.provider.sts:pro = <function sts at 0xffff8b608540>)
localstack-main  | 2026-09-09T07:52:07.900 DEBUG --- [et.reactor-1] plux.runtime.manager       : loading plugin localstack.aws.provider:sts:pro
localstack-main  | 2026-09-09T07:52:07.905 DEBUG --- [et.reactor-1] plux.runtime.manager       : plugin localstack.platform.plugin:bedrock-extension is disabled, reason: Load condition for plugin was false
localstack-main  | 2026-09-09T07:52:07.906 DEBUG --- [et.reactor-1] plux.runtime.manager       : plugin localstack.platform.plugin:chaos-basic is disabled, reason: Load condition for plugin was false
localstack-main  | 2026-09-09T07:52:07.906 DEBUG --- [et.reactor-1] plux.runtime.manager       : plugin localstack.platform.plugin:ecs-k8s-task-executor is disabled, reason: Load condition for plugin was false
localstack-main  | 2026-09-09T07:52:07.906 DEBUG --- [et.reactor-1] plux.runtime.manager       : plugin localstack.platform.plugin:pod-encryption is disabled, reason: This feature is not part of the active license agreement
localstack-main  | 2026-09-09T07:52:07.906 DEBUG --- [et.reactor-1] plux.runtime.manager       : plugin localstack.platform.plugin:snapshot is disabled, reason: Load condition for plugin was false
localstack-main  | 2026-09-09T07:52:07.940  INFO --- [et.reactor-0] localstack.request.aws     : AWS iam.GetUser => 200
localstack-main  | 2026-09-09T07:52:08.032  INFO --- [et.reactor-1] localstack.request.aws     : AWS iam.GetRole => 404 (NoSuchEntity)
localstack-main  | 2026-09-09T07:52:08.035  INFO --- [et.reactor-0] localstack.request.aws     : AWS iam.GetRole => 404 (NoSuchEntity)
localstack-main  | 2026-09-09T07:52:08.037  INFO --- [et.reactor-1] localstack.request.aws     : AWS sts.GetCallerIdentity => 200
localstack-main  | 2026-09-09T07:52:08.074  INFO --- [et.reactor-1] localstack.request.aws     : AWS iam.ListAttachedRolePolicies => 404 (NoSuchEntity)
localstack-main  | 2026-09-09T07:52:08.075  INFO --- [et.reactor-4] localstack.request.aws     : AWS iam.ListAttachedRolePolicies => 404 (NoSuchEntity)
localstack-main  | 2026-09-09T07:52:08.091 DEBUG --- [et.reactor-0] plux.runtime.manager       : instantiating plugin PluginSpec(localstack.aws.provider.dynamodb:pro = <function dynamodb at 0xffff8b809da0>)
localstack-main  | 2026-09-09T07:52:08.092 DEBUG --- [et.reactor-0] plux.runtime.manager       : loading plugin localstack.aws.provider:dynamodb:pro
localstack-main  | 2026-09-09T07:52:08.122 DEBUG --- [et.reactor-0] plux.runtime.manager       : plugin localstack.platform.plugin:bedrock-extension is disabled, reason: Load condition for plugin was false
localstack-main  | 2026-09-09T07:52:08.122 DEBUG --- [et.reactor-0] plux.runtime.manager       : plugin localstack.platform.plugin:chaos-basic is disabled, reason: Load condition for plugin was false
localstack-main  | 2026-09-09T07:52:08.122 DEBUG --- [et.reactor-0] plux.runtime.manager       : plugin localstack.platform.plugin:ecs-k8s-task-executor is disabled, reason: Load condition for plugin was false
localstack-main  | 2026-09-09T07:52:08.122 DEBUG --- [et.reactor-0] plux.runtime.manager       : plugin localstack.platform.plugin:pod-encryption is disabled, reason: This feature is not part of the active license agreement
localstack-main  | 2026-09-09T07:52:08.122 DEBUG --- [et.reactor-0] plux.runtime.manager       : plugin localstack.platform.plugin:snapshot is disabled, reason: Load condition for plugin was false
localstack-main  | 2026-09-09T07:52:08.142 DEBUG --- [et.reactor-3] plux.runtime.manager       : instantiating plugin PluginSpec(localstack.aws.provider.apigateway:pro = <function apigateway at 0xffff8d7262a0>)
localstack-main  | 2026-09-09T07:52:08.142 DEBUG --- [et.reactor-3] plux.runtime.manager       : loading plugin localstack.aws.provider:apigateway:pro
localstack-main  | 2026-09-09T07:52:08.155 DEBUG --- [et.reactor-0] localstack.packages.api    : Installation of dynamodb-local 2 skipped (already installed).
localstack-main  | 2026-09-09T07:52:08.155 DEBUG --- [et.reactor-0] localstack.packages.api    : Performing runtime setup for already installed package.
localstack-main  | 2026-09-09T07:52:08.160 DEBUG --- [et.reactor-2] plux.runtime.manager       : instantiating plugin PluginSpec(localstack.aws.provider.s3:pro = <function s3 at 0xffff8b5f0720>)
localstack-main  | 2026-09-09T07:52:08.161 DEBUG --- [et.reactor-2] plux.runtime.manager       : loading plugin localstack.aws.provider:s3:pro
localstack-main  | 2026-09-09T07:52:08.165 DEBUG --- [et.reactor-0] l.p.c.s.dynamodb.server    : Starting DynamoDB Local: ['java', '-XX:UseSVE=0', '-Xmx256m', '-javaagent:/usr/lib/localstack/dynamodb-local/2/ddb-local-loader-0.1.jar', '-Djava.library.path=/usr/lib/localstack/dynamodb-local/2/DynamoDBLocal_lib', '-jar', '/usr/lib/localstack/dynamodb-local/2/DynamoDBLocal.jar', '-port', '60719', '-dbPath', '/tmp/localstack/state/dynamodb']
localstack-main  | 2026-09-09T07:52:08.165 DEBUG --- [-functhread4] localstack.utils.run       : Executing command: ['java', '-XX:UseSVE=0', '-Xmx256m', '-javaagent:/usr/lib/localstack/dynamodb-local/2/ddb-local-loader-0.1.jar', '-Djava.library.path=/usr/lib/localstack/dynamodb-local/2/DynamoDBLocal_lib', '-jar', '/usr/lib/localstack/dynamodb-local/2/DynamoDBLocal.jar', '-port', '60719', '-dbPath', '/tmp/localstack/state/dynamodb']
localstack-main  | 2026-09-09T07:52:08.347  INFO --- [et.reactor-2] l.p.c.services.s3.provider : Using /tmp/localstack/state/s3 as storage path for s3 assets
localstack-main  | 2026-09-09T07:52:08.485 DEBUG --- [et.reactor-2] plux.runtime.manager       : plugin localstack.platform.plugin:bedrock-extension is disabled, reason: Load condition for plugin was false
localstack-main  | 2026-09-09T07:52:08.485 DEBUG --- [et.reactor-2] plux.runtime.manager       : plugin localstack.platform.plugin:chaos-basic is disabled, reason: Load condition for plugin was false
localstack-main  | 2026-09-09T07:52:08.485 DEBUG --- [et.reactor-2] plux.runtime.manager       : plugin localstack.platform.plugin:ecs-k8s-task-executor is disabled, reason: Load condition for plugin was false
localstack-main  | 2026-09-09T07:52:08.485 DEBUG --- [et.reactor-2] plux.runtime.manager       : plugin localstack.platform.plugin:pod-encryption is disabled, reason: This feature is not part of the active license agreement
localstack-main  | 2026-09-09T07:52:08.485 DEBUG --- [et.reactor-2] plux.runtime.manager       : plugin localstack.platform.plugin:snapshot is disabled, reason: Load condition for plugin was false
localstack-main  | 2026-09-09T07:52:08.590  INFO --- [et.reactor-2] localstack.request.aws     : AWS s3.HeadBucket => 404 (NoSuchBucket)
localstack-main  | 2026-09-09T07:52:08.614  INFO --- [et.reactor-4] localstack.request.aws     : AWS s3.GetPublicAccessBlock => 404 (NoSuchBucket)
localstack-main  | 2026-09-09T07:52:08.747 DEBUG --- [-functhread4] l.p.c.s.dynamodb.server    : Initializing DynamoDB Local with the following configuration:
localstack-main  | 2026-09-09T07:52:08.747 DEBUG --- [-functhread4] l.p.c.s.dynamodb.server    : Port:	60719
localstack-main  | 2026-09-09T07:52:08.747 DEBUG --- [-functhread4] l.p.c.s.dynamodb.server    : InMemory:	false
localstack-main  | 2026-09-09T07:52:08.747 DEBUG --- [-functhread4] l.p.c.s.dynamodb.server    : Version:	3.3.1
localstack-main  | 2026-09-09T07:52:08.747 DEBUG --- [-functhread4] l.p.c.s.dynamodb.server    : DbPath:	/tmp/localstack/state/dynamodb
localstack-main  | 2026-09-09T07:52:08.747 DEBUG --- [-functhread4] l.p.c.s.dynamodb.server    : SharedDb:	false
localstack-main  | 2026-09-09T07:52:08.747 DEBUG --- [-functhread4] l.p.c.s.dynamodb.server    : shouldDelayTransientStatuses:	false
localstack-main  | 2026-09-09T07:52:08.747 DEBUG --- [-functhread4] l.p.c.s.dynamodb.server    : CorsParams:	null
localstack-main  | 2026-09-09T07:52:08.748 DEBUG --- [-functhread4] l.p.c.s.dynamodb.server    : 
localstack-main  | 2026-09-09T07:52:09.033 DEBUG --- [et.reactor-3] l.p.c.s.a.n.e.router_basic : Registering API Gateway routes.
localstack-main  | 2026-09-09T07:52:09.505 DEBUG --- [et.reactor-3] plux.runtime.manager       : plugin localstack.platform.plugin:bedrock-extension is disabled, reason: Load condition for plugin was false
localstack-main  | 2026-09-09T07:52:09.505 DEBUG --- [et.reactor-3] plux.runtime.manager       : plugin localstack.platform.plugin:chaos-basic is disabled, reason: Load condition for plugin was false
localstack-main  | 2026-09-09T07:52:09.505 DEBUG --- [et.reactor-3] plux.runtime.manager       : plugin localstack.platform.plugin:ecs-k8s-task-executor is disabled, reason: Load condition for plugin was false
localstack-main  | 2026-09-09T07:52:09.505 DEBUG --- [et.reactor-3] plux.runtime.manager       : plugin localstack.platform.plugin:pod-encryption is disabled, reason: This feature is not part of the active license agreement
localstack-main  | 2026-09-09T07:52:09.505 DEBUG --- [et.reactor-3] plux.runtime.manager       : plugin localstack.platform.plugin:snapshot is disabled, reason: Load condition for plugin was false
localstack-main  | 2026-09-09T07:52:09.505  INFO --- [et.reactor-3] localstack.utils.bootstrap : Execution of "_load_service_plugin" took 1363.44ms
localstack-main  | 2026-09-09T07:52:09.505 DEBUG --- [et.reactor-3] plux.runtime.manager       : instantiating plugin PluginSpec(localstack.aws.provider.apigatewayv2:pro = <function apigatewayv2 at 0xffff8d726a20>)
localstack-main  | 2026-09-09T07:52:09.506 DEBUG --- [et.reactor-3] plux.runtime.manager       : loading plugin localstack.aws.provider:apigatewayv2:pro
localstack-main  | 2026-09-09T07:52:09.565 DEBUG --- [et.reactor-3] plux.runtime.manager       : plugin localstack.platform.plugin:bedrock-extension is disabled, reason: Load condition for plugin was false
localstack-main  | 2026-09-09T07:52:09.565 DEBUG --- [et.reactor-3] plux.runtime.manager       : plugin localstack.platform.plugin:chaos-basic is disabled, reason: Load condition for plugin was false
localstack-main  | 2026-09-09T07:52:09.565 DEBUG --- [et.reactor-3] plux.runtime.manager       : plugin localstack.platform.plugin:ecs-k8s-task-executor is disabled, reason: Load condition for plugin was false
localstack-main  | 2026-09-09T07:52:09.565 DEBUG --- [et.reactor-3] plux.runtime.manager       : plugin localstack.platform.plugin:pod-encryption is disabled, reason: This feature is not part of the active license agreement
localstack-main  | 2026-09-09T07:52:09.565 DEBUG --- [et.reactor-3] plux.runtime.manager       : plugin localstack.platform.plugin:snapshot is disabled, reason: Load condition for plugin was false
localstack-main  | 2026-09-09T07:52:09.565  INFO --- [et.reactor-3] localstack.utils.bootstrap : Execution of "require" took 1423.37ms
localstack-main  | 2026-09-09T07:52:09.940  INFO --- [et.reactor-0] localstack.utils.bootstrap : Execution of "require" took 1848.86ms
localstack-main  | 2026-09-09T07:52:09.987 DEBUG --- [-functhread4] l.p.c.s.dynamodb.server    : 07:52:09.986 [qtp152848959-32] WARN  software.amazon.dynamodb.services.local.server.LocalDynamoDBServerHandler - DynamoDBLocalServiceException exception occured
localstack-main  | 2026-09-09T07:52:09.987 DEBUG --- [-functhread4] l.p.c.s.dynamodb.server    : software.amazon.dynamodb.services.exceptions.DynamoDBLocalServiceException: Cannot do operations on a non-existent table
localstack-main  | 2026-09-09T07:52:09.987 DEBUG --- [-functhread4] l.p.c.s.dynamodb.server    : at software.amazon.dynamodb.services.exceptions.AWSExceptionFactory.buildLocalServiceException(AWSExceptionFactory.java:95)
localstack-main  | 2026-09-09T07:52:09.987 DEBUG --- [-functhread4] l.p.c.s.dynamodb.server    : at software.amazon.dynamodb.services.exceptions.AWSExceptionFactory.buildAWSException(AWSExceptionFactory.java:60)
localstack-main  | 2026-09-09T07:52:09.987 DEBUG --- [-functhread4] l.p.c.s.dynamodb.server    : at software.amazon.dynamodb.services.local.shared.access.api.DynamoDbApiFunction.validateTableExists(DynamoDbApiFunction.java:100)
localstack-main  | 2026-09-09T07:52:09.987 DEBUG --- [-functhread4] l.p.c.s.dynamodb.server    : at software.amazon.dynamodb.services.local.shared.access.api.cp.ControlPlaneFunction.getTableDescriptionHelper(ControlPlaneFunction.java:470)
localstack-main  | 2026-09-09T07:52:09.987 DEBUG --- [-functhread4] l.p.c.s.dynamodb.server    : at software.amazon.dynamodb.services.local.shared.access.api.cp.DescribeTableFunction.apply(DescribeTableFunction.java:25)
localstack-main  | 2026-09-09T07:52:09.987 DEBUG --- [-functhread4] l.p.c.s.dynamodb.server    : at software.amazon.dynamodb.services.local.shared.access.client.LocalDynamoDbClient.describeTable(LocalDynamoDbClient.java:306)
localstack-main  | 2026-09-09T07:52:09.987 DEBUG --- [-functhread4] l.p.c.s.dynamodb.server    : at software.amazon.dynamodb.services.local.server.LocalDynamoDBRequestHandler.describeTable(LocalDynamoDBRequestHandler.java:178)
localstack-main  | 2026-09-09T07:52:09.987 DEBUG --- [-functhread4] l.p.c.s.dynamodb.server    : at software.amazon.dynamodb.services.local.dispatchers.DescribeTableDispatcher.enact(DescribeTableDispatcher.java:17)
localstack-main  | 2026-09-09T07:52:09.987 DEBUG --- [-functhread4] l.p.c.s.dynamodb.server    : at software.amazon.dynamodb.services.local.dispatchers.DescribeTableDispatcher.enact(DescribeTableDispatcher.java:11)
localstack-main  | 2026-09-09T07:52:09.987 DEBUG --- [-functhread4] l.p.c.s.dynamodb.server    : at software.amazon.dynamodb.services.local.server.LocalDynamoDBServerHandler.packageDynamoDBResponse(LocalDynamoDBServerHandler.java:331)
localstack-main  | 2026-09-09T07:52:09.987 DEBUG --- [-functhread4] l.p.c.s.dynamodb.server    : at software.amazon.dynamodb.services.local.server.LocalDynamoDBServerHandler.handle(LocalDynamoDBServerHandler.java:419)
localstack-main  | 2026-09-09T07:52:09.987 DEBUG --- [-functhread4] l.p.c.s.dynamodb.server    : at org.eclipse.jetty.server.handler.ContextHandler.handle(ContextHandler.java:1253)
localstack-main  | 2026-09-09T07:52:09.987 DEBUG --- [-functhread4] l.p.c.s.dynamodb.server    : at org.eclipse.jetty.server.handler.ContextHandlerCollection.handle(ContextHandlerCollection.java:148)
localstack-main  | 2026-09-09T07:52:09.987 DEBUG --- [-functhread4] l.p.c.s.dynamodb.server    : at org.eclipse.jetty.server.Server.handle(Server.java:197)
localstack-main  | 2026-09-09T07:52:09.987 DEBUG --- [-functhread4] l.p.c.s.dynamodb.server    : at org.eclipse.jetty.server.internal.HttpChannelState$HandlerInvoker.run(HttpChannelState.java:804)
localstack-main  | 2026-09-09T07:52:09.987 DEBUG --- [-functhread4] l.p.c.s.dynamodb.server    : at org.eclipse.jetty.server.internal.HttpConnection.onFillable(HttpConnection.java:420)
localstack-main  | 2026-09-09T07:52:09.987 DEBUG --- [-functhread4] l.p.c.s.dynamodb.server    : at org.eclipse.jetty.server.internal.HttpConnection$FillableCallback.succeeded(HttpConnection.java:1790)
localstack-main  | 2026-09-09T07:52:09.987 DEBUG --- [-functhread4] l.p.c.s.dynamodb.server    : at org.eclipse.jetty.io.FillInterest.fillable(FillInterest.java:105)
localstack-main  | 2026-09-09T07:52:09.987 DEBUG --- [-functhread4] l.p.c.s.dynamodb.server    : at org.eclipse.jetty.io.SelectableChannelEndPoint$1.run(SelectableChannelEndPoint.java:54)
localstack-main  | 2026-09-09T07:52:09.987 DEBUG --- [-functhread4] l.p.c.s.dynamodb.server    : at org.eclipse.jetty.util.thread.QueuedThreadPool.runJob(QueuedThreadPool.java:1009)
localstack-main  | 2026-09-09T07:52:09.988 DEBUG --- [-functhread4] l.p.c.s.dynamodb.server    : at org.eclipse.jetty.util.thread.QueuedThreadPool$Runner.doRunJob(QueuedThreadPool.java:1240)
localstack-main  | 2026-09-09T07:52:09.988 DEBUG --- [-functhread4] l.p.c.s.dynamodb.server    : at org.eclipse.jetty.util.thread.QueuedThreadPool$Runner.run(QueuedThreadPool.java:1194)
localstack-main  | 2026-09-09T07:52:09.988 DEBUG --- [-functhread4] l.p.c.s.dynamodb.server    : at java.base/java.lang.Thread.run(Unknown Source)
localstack-main  | 2026-09-09T07:52:10.000  INFO --- [et.reactor-0] localstack.request.aws     : AWS dynamodb.DescribeTable => 400 (ResourceNotFoundException)
localstack-main  | 2026-09-09T07:52:10.014  INFO --- [et.reactor-2] localstack.request.aws     : AWS iam.GetRolePolicy => 404 (NoSuchEntity)
localstack-main  | 2026-09-09T07:52:10.015  INFO --- [et.reactor-4] localstack.request.aws     : AWS iam.GetRolePolicy => 404 (NoSuchEntity)
localstack-main  | 2026-09-09T07:52:10.059 DEBUG --- [et.reactor-0] plux.runtime.manager       : instantiating plugin PluginSpec(localstack.aws.provider.lambda:pro = <function lambda_ at 0xffff8b5cf1a0>)
localstack-main  | 2026-09-09T07:52:10.059 DEBUG --- [et.reactor-0] plux.runtime.manager       : loading plugin localstack.aws.provider:lambda:pro
localstack-main  | 2026-09-09T07:52:10.195 DEBUG --- [et.reactor-0] l.p.c.s.lambda_.urlrouter  : Registering parameterized Lambda routes.
localstack-main  | 2026-09-09T07:52:10.219 DEBUG --- [et.reactor-0] plux.runtime.manager       : instantiating plugin PluginSpec(localstack.lambda.runtime_executor.docker = <class 'localstack.pro.core.services.lambda_.invocation.plugins_basic.DockerRuntimeExecutorPlugin'>)
localstack-main  | 2026-09-09T07:52:10.219 DEBUG --- [et.reactor-0] plux.runtime.manager       : loading plugin localstack.lambda.runtime_executor:docker
localstack-main  | 2026-09-09T07:52:10.229 DEBUG --- [et.reactor-0] plux.runtime.manager       : plugin localstack.platform.plugin:bedrock-extension is disabled, reason: Load condition for plugin was false
localstack-main  | 2026-09-09T07:52:10.229 DEBUG --- [et.reactor-0] plux.runtime.manager       : plugin localstack.platform.plugin:chaos-basic is disabled, reason: Load condition for plugin was false
localstack-main  | 2026-09-09T07:52:10.229 DEBUG --- [et.reactor-0] plux.runtime.manager       : plugin localstack.platform.plugin:ecs-k8s-task-executor is disabled, reason: Load condition for plugin was false
localstack-main  | 2026-09-09T07:52:10.229 DEBUG --- [et.reactor-0] plux.runtime.manager       : plugin localstack.platform.plugin:pod-encryption is disabled, reason: This feature is not part of the active license agreement
localstack-main  | 2026-09-09T07:52:10.229 DEBUG --- [et.reactor-0] plux.runtime.manager       : plugin localstack.platform.plugin:snapshot is disabled, reason: Load condition for plugin was false
localstack-main  | 2026-09-09T07:52:10.353  INFO --- [et.reactor-0] localstack.request.aws     : AWS lambda.GetFunction => 404 (ResourceNotFoundException)
localstack-main  | 2026-09-09T07:52:10.356  INFO --- [et.reactor-1] localstack.request.aws     : AWS lambda.GetFunction => 404 (ResourceNotFoundException)
localstack-main  | 2026-09-09T07:52:10.367  INFO --- [et.reactor-0] localstack.request.aws     : AWS lambda.GetPolicy => 404 (ResourceNotFoundException)
localstack-main  | 2026-09-09T07:52:10.810  INFO --- [et.reactor-3] localstack.request.aws     : AWS apigateway.GetRestApi => 404 (NotFoundException)
localstack-main  | 2026-09-09T07:52:10.819  INFO --- [et.reactor-2] localstack.request.aws     : AWS lambda.GetPolicy => 404 (ResourceNotFoundException)
localstack-main  | 2026-09-09T07:52:10.820  INFO --- [et.reactor-0] localstack.request.aws     : AWS apigateway.GetResource => 404 (NotFoundException)
localstack-main  | 2026-09-09T07:52:10.826  INFO --- [et.reactor-1] localstack.request.aws     : AWS apigateway.GetMethod => 404 (NotFoundException)
localstack-main  | 2026-09-09T07:52:10.831  INFO --- [et.reactor-4] localstack.request.aws     : AWS apigateway.GetIntegration => 404 (NotFoundException)
localstack-main  | 2026-09-09T07:52:10.837  INFO --- [et.reactor-3] localstack.request.aws     : AWS apigateway.GetDeployment => 404 (NotFoundException)
localstack-main  | 2026-09-09T07:52:10.842  INFO --- [et.reactor-2] localstack.request.aws     : AWS apigateway.GetStage => 404 (NotFoundException)
localstack-main  | 2026-09-09T07:52:14.827  INFO --- [et.reactor-1] localstack.request.aws     : AWS iam.GetUser => 200
localstack-main  | 2026-09-09T07:52:14.923  INFO --- [et.reactor-3] localstack.request.aws     : AWS iam.CreateRole => 200
localstack-main  | 2026-09-09T07:52:14.934  INFO --- [et.reactor-1] localstack.request.aws     : AWS s3.HeadBucket => 404 (NoSuchBucket)
localstack-main  | 2026-09-09T07:52:14.935  INFO --- [et.reactor-0] localstack.request.aws     : AWS iam.CreateRole => 200
localstack-main  | 2026-09-09T07:52:14.944  INFO --- [et.reactor-3] localstack.request.aws     : AWS iam.GetRole => 200
localstack-main  | 2026-09-09T07:52:14.949  INFO --- [et.reactor-1] localstack.request.aws     : AWS iam.GetRole => 200
localstack-main  | 2026-09-09T07:52:14.951  INFO --- [et.reactor-0] localstack.request.aws     : AWS s3.CreateBucket => 200
localstack-main  | 2026-09-09T07:52:14.958  INFO --- [et.reactor-0] localstack.request.aws     : AWS iam.ListRolePolicies => 200
localstack-main  | 2026-09-09T07:52:14.965  INFO --- [et.reactor-3] localstack.request.aws     : AWS iam.ListRolePolicies => 200
localstack-main  | 2026-09-09T07:52:14.970  INFO --- [et.reactor-1] localstack.request.aws     : AWS s3.HeadBucket => 200
localstack-main  | 2026-09-09T07:52:14.974  INFO --- [et.reactor-3] localstack.request.aws     : AWS iam.ListAttachedRolePolicies => 200
localstack-main  | 2026-09-09T07:52:14.978  INFO --- [et.reactor-0] localstack.request.aws     : AWS iam.ListAttachedRolePolicies => 200
localstack-main  | 2026-09-09T07:52:14.985  INFO --- [et.reactor-1] localstack.request.aws     : AWS s3.GetBucketTagging => 404 (NoSuchTagSet)
localstack-main  | 2026-09-09T07:52:14.994  INFO --- [et.reactor-3] localstack.request.aws     : AWS s3.PutBucketTagging => 204
localstack-main  | 2026-09-09T07:52:15.002  INFO --- [et.reactor-0] localstack.request.aws     : AWS s3.HeadBucket => 200
localstack-main  | 2026-09-09T07:52:15.009  INFO --- [et.reactor-1] localstack.request.aws     : AWS iam.AttachRolePolicy => 200
localstack-main  | 2026-09-09T07:52:15.010  INFO --- [et.reactor-3] localstack.request.aws     : AWS iam.AttachRolePolicy => 200
localstack-main  | 2026-09-09T07:52:15.039  INFO --- [et.reactor-1] localstack.request.aws     : AWS iam.ListAttachedRolePolicies => 200
localstack-main  | 2026-09-09T07:52:15.040  INFO --- [et.reactor-0] localstack.request.aws     : AWS s3.GetBucketPolicy => 404 (NoSuchBucketPolicy)
localstack-main  | 2026-09-09T07:52:15.047  INFO --- [et.reactor-3] localstack.request.aws     : AWS iam.ListAttachedRolePolicies => 200
localstack-main  | 2026-09-09T07:52:15.048  INFO --- [et.reactor-0] localstack.request.aws     : AWS s3.GetBucketAcl => 200
localstack-main  | 2026-09-09T07:52:15.053  INFO --- [et.reactor-1] localstack.request.aws     : AWS s3.GetBucketCors => 404 (NoSuchCORSConfiguration)
localstack-main  | 2026-09-09T07:52:15.056  INFO --- [et.reactor-3] localstack.request.aws     : AWS s3.GetBucketWebsite => 404 (NoSuchWebsiteConfiguration)
localstack-main  | 2026-09-09T07:52:15.058  INFO --- [et.reactor-0] localstack.request.aws     : AWS s3.GetBucketVersioning => 200
localstack-main  | 2026-09-09T07:52:15.061  INFO --- [et.reactor-1] localstack.request.aws     : AWS s3.GetBucketAccelerateConfiguration => 200
localstack-main  | 2026-09-09T07:52:15.063  INFO --- [et.reactor-3] localstack.request.aws     : AWS s3.GetBucketRequestPayment => 200
localstack-main  | 2026-09-09T07:52:15.068  INFO --- [et.reactor-0] localstack.request.aws     : AWS s3.GetBucketLogging => 200
localstack-main  | 2026-09-09T07:52:15.070  INFO --- [et.reactor-1] localstack.request.aws     : AWS s3.GetBucketLifecycleConfiguration => 404 (NoSuchLifecycleConfiguration)
localstack-main  | 2026-09-09T07:52:15.073  INFO --- [et.reactor-3] localstack.request.aws     : AWS s3.GetBucketReplication => 404 (ReplicationConfigurationNotFoundError)
localstack-main  | 2026-09-09T07:52:15.075  INFO --- [et.reactor-0] localstack.request.aws     : AWS s3.GetBucketEncryption => 200
localstack-main  | 2026-09-09T07:52:15.080  INFO --- [et.reactor-1] localstack.request.aws     : AWS s3.GetObjectLockConfiguration => 404 (ObjectLockConfigurationNotFoundError)
localstack-main  | 2026-09-09T07:52:15.086  INFO --- [et.reactor-3] localstack.request.aws     : AWS s3.HeadBucket => 200
localstack-main  | 2026-09-09T07:52:15.090  INFO --- [et.reactor-0] localstack.request.aws     : AWS s3.GetBucketTagging => 200
localstack-main  | 2026-09-09T07:52:15.107  INFO --- [et.reactor-1] localstack.request.aws     : AWS s3.PutPublicAccessBlock => 200
localstack-main  | 2026-09-09T07:52:15.110  INFO --- [et.reactor-3] localstack.request.aws     : AWS s3.GetPublicAccessBlock => 200
localstack-main  | 2026-09-09T07:52:15.113  INFO --- [et.reactor-0] localstack.request.aws     : AWS s3.GetPublicAccessBlock => 200
localstack-main  | 2026-09-09T07:52:15.154  INFO --- [et.reactor-2] localstack.request.aws     : AWS apigateway.CreateRestApi => 201
localstack-main  | 2026-09-09T07:52:15.160  INFO --- [et.reactor-3] localstack.request.aws     : AWS apigateway.GetRestApi => 200
localstack-main  | 2026-09-09T07:52:15.164  INFO --- [et.reactor-2] localstack.request.aws     : AWS apigateway.GetResources => 200
localstack-main  | 2026-09-09T07:52:15.179  INFO --- [et.reactor-0] localstack.request.aws     : AWS apigateway.CreateResource => 201
localstack-main  | 2026-09-09T07:52:15.186  INFO --- [et.reactor-1] localstack.request.aws     : AWS apigateway.GetResource => 200
localstack-main  | 2026-09-09T07:52:15.202  INFO --- [et.reactor-3] localstack.request.aws     : AWS apigateway.PutMethod => 201
localstack-main  | 2026-09-09T07:52:15.234 DEBUG --- [-functhread4] l.p.c.s.dynamodb.server    : javassist.NotFoundException: com.amazonaws.services.dynamodbv2.local.shared.access.api.cp.CreateTableFunction
localstack-main  | 2026-09-09T07:52:15.234 DEBUG --- [-functhread4] l.p.c.s.dynamodb.server    : at javassist.ClassPool.get(ClassPool.java:430)
localstack-main  | 2026-09-09T07:52:15.234 DEBUG --- [-functhread4] l.p.c.s.dynamodb.server    : at cloud.localstack.ClassRewriter$1.transform(ClassRewriter.java:30)
localstack-main  | 2026-09-09T07:52:15.234 DEBUG --- [-functhread4] l.p.c.s.dynamodb.server    : at java.instrument/java.lang.instrument.ClassFileTransformer.transform(Unknown Source)
localstack-main  | 2026-09-09T07:52:15.234 DEBUG --- [-functhread4] l.p.c.s.dynamodb.server    : at java.instrument/sun.instrument.TransformerManager.transform(Unknown Source)
localstack-main  | 2026-09-09T07:52:15.234 DEBUG --- [-functhread4] l.p.c.s.dynamodb.server    : at java.instrument/sun.instrument.InstrumentationImpl.transform(Unknown Source)
localstack-main  | 2026-09-09T07:52:15.234 DEBUG --- [-functhread4] l.p.c.s.dynamodb.server    : at java.base/java.lang.ClassLoader.defineClass1(Native Method)
localstack-main  | 2026-09-09T07:52:15.234 DEBUG --- [-functhread4] l.p.c.s.dynamodb.server    : at java.base/java.lang.ClassLoader.defineClass(Unknown Source)
localstack-main  | 2026-09-09T07:52:15.235 DEBUG --- [-functhread4] l.p.c.s.dynamodb.server    : at java.base/java.security.SecureClassLoader.defineClass(Unknown Source)
localstack-main  | 2026-09-09T07:52:15.235 DEBUG --- [-functhread4] l.p.c.s.dynamodb.server    : at java.base/jdk.internal.loader.BuiltinClassLoader.defineClass(Unknown Source)
localstack-main  | 2026-09-09T07:52:15.235 DEBUG --- [-functhread4] l.p.c.s.dynamodb.server    : at java.base/jdk.internal.loader.BuiltinClassLoader.findClassOnClassPathOrNull(Unknown Source)
localstack-main  | 2026-09-09T07:52:15.235 DEBUG --- [-functhread4] l.p.c.s.dynamodb.server    : at java.base/jdk.internal.loader.BuiltinClassLoader.loadClassOrNull(Unknown Source)
localstack-main  | 2026-09-09T07:52:15.235 DEBUG --- [-functhread4] l.p.c.s.dynamodb.server    : at java.base/jdk.internal.loader.BuiltinClassLoader.loadClass(Unknown Source)
localstack-main  | 2026-09-09T07:52:15.235 DEBUG --- [-functhread4] l.p.c.s.dynamodb.server    : at java.base/jdk.internal.loader.ClassLoaders$AppClassLoader.loadClass(Unknown Source)
localstack-main  | 2026-09-09T07:52:15.235 DEBUG --- [-functhread4] l.p.c.s.dynamodb.server    : at java.base/java.lang.ClassLoader.loadClass(Unknown Source)
localstack-main  | 2026-09-09T07:52:15.235 DEBUG --- [-functhread4] l.p.c.s.dynamodb.server    : at software.amazon.dynamodb.services.local.shared.access.client.LocalDynamoDbClient.createTable(LocalDynamoDbClient.java:232)
localstack-main  | 2026-09-09T07:52:15.235 DEBUG --- [-functhread4] l.p.c.s.dynamodb.server    : at software.amazon.dynamodb.services.local.server.LocalDynamoDBRequestHandler.createTable(LocalDynamoDBRequestHandler.java:163)
localstack-main  | 2026-09-09T07:52:15.235 DEBUG --- [-functhread4] l.p.c.s.dynamodb.server    : at software.amazon.dynamodb.services.local.dispatchers.CreateTableDispatcher.enact(CreateTableDispatcher.java:17)
localstack-main  | 2026-09-09T07:52:15.235 DEBUG --- [-functhread4] l.p.c.s.dynamodb.server    : at software.amazon.dynamodb.services.local.dispatchers.CreateTableDispatcher.enact(CreateTableDispatcher.java:11)
localstack-main  | 2026-09-09T07:52:15.235 DEBUG --- [-functhread4] l.p.c.s.dynamodb.server    : at software.amazon.dynamodb.services.local.server.LocalDynamoDBServerHandler.packageDynamoDBResponse(LocalDynamoDBServerHandler.java:331)
localstack-main  | 2026-09-09T07:52:15.235 DEBUG --- [-functhread4] l.p.c.s.dynamodb.server    : at software.amazon.dynamodb.services.local.server.LocalDynamoDBServerHandler.handle(LocalDynamoDBServerHandler.java:419)
localstack-main  | 2026-09-09T07:52:15.235 DEBUG --- [-functhread4] l.p.c.s.dynamodb.server    : at org.eclipse.jetty.server.handler.ContextHandler.handle(ContextHandler.java:1253)
localstack-main  | 2026-09-09T07:52:15.235 DEBUG --- [-functhread4] l.p.c.s.dynamodb.server    : at org.eclipse.jetty.server.handler.ContextHandlerCollection.handle(ContextHandlerCollection.java:148)
localstack-main  | 2026-09-09T07:52:15.235 DEBUG --- [-functhread4] l.p.c.s.dynamodb.server    : at org.eclipse.jetty.server.Server.handle(Server.java:197)
localstack-main  | 2026-09-09T07:52:15.235 DEBUG --- [-functhread4] l.p.c.s.dynamodb.server    : at org.eclipse.jetty.server.internal.HttpChannelState$HandlerInvoker.run(HttpChannelState.java:804)
localstack-main  | 2026-09-09T07:52:15.235 DEBUG --- [-functhread4] l.p.c.s.dynamodb.server    : at org.eclipse.jetty.server.internal.HttpConnection.onFillable(HttpConnection.java:420)
localstack-main  | 2026-09-09T07:52:15.235 DEBUG --- [-functhread4] l.p.c.s.dynamodb.server    : at org.eclipse.jetty.server.internal.HttpConnection$FillableCallback.succeeded(HttpConnection.java:1790)
localstack-main  | 2026-09-09T07:52:15.235 DEBUG --- [-functhread4] l.p.c.s.dynamodb.server    : at org.eclipse.jetty.io.FillInterest.fillable(FillInterest.java:105)
localstack-main  | 2026-09-09T07:52:15.235 DEBUG --- [-functhread4] l.p.c.s.dynamodb.server    : at org.eclipse.jetty.io.SelectableChannelEndPoint$1.run(SelectableChannelEndPoint.java:54)
localstack-main  | 2026-09-09T07:52:15.235 DEBUG --- [-functhread4] l.p.c.s.dynamodb.server    : at org.eclipse.jetty.util.thread.QueuedThreadPool.runJob(QueuedThreadPool.java:1009)
localstack-main  | 2026-09-09T07:52:15.235 DEBUG --- [-functhread4] l.p.c.s.dynamodb.server    : at org.eclipse.jetty.util.thread.QueuedThreadPool$Runner.doRunJob(QueuedThreadPool.java:1240)
localstack-main  | 2026-09-09T07:52:15.235 DEBUG --- [-functhread4] l.p.c.s.dynamodb.server    : at org.eclipse.jetty.util.thread.QueuedThreadPool$Runner.run(QueuedThreadPool.java:1194)
localstack-main  | 2026-09-09T07:52:15.235 DEBUG --- [-functhread4] l.p.c.s.dynamodb.server    : at java.base/java.lang.Thread.run(Unknown Source)
localstack-main  | 2026-09-09T07:52:15.367  INFO --- [et.reactor-4] localstack.request.aws     : AWS dynamodb.CreateTable => 200
localstack-main  | 2026-09-09T07:52:15.382  INFO --- [et.reactor-2] localstack.request.aws     : AWS dynamodb.DescribeTable => 200
localstack-main  | 2026-09-09T07:52:15.390  INFO --- [et.reactor-0] localstack.request.aws     : AWS dynamodb.DescribeTable => 200
localstack-main  | 2026-09-09T07:52:15.398  INFO --- [et.reactor-1] localstack.request.aws     : AWS dynamodb.DescribeContinuousBackups => 200
localstack-main  | 2026-09-09T07:52:15.411  INFO --- [et.reactor-3] localstack.request.aws     : AWS dynamodb.DescribeTimeToLive => 200
localstack-main  | 2026-09-09T07:52:15.416  INFO --- [et.reactor-0] localstack.request.aws     : AWS dynamodb.ListTagsOfResource => 200
localstack-main  | 2026-09-09T07:52:15.432  INFO --- [et.reactor-4] localstack.request.aws     : AWS iam.PutRolePolicy => 200
localstack-main  | 2026-09-09T07:52:15.433  INFO --- [et.reactor-1] localstack.request.aws     : AWS iam.PutRolePolicy => 200
localstack-main  | 2026-09-09T07:52:15.438  INFO --- [et.reactor-2] localstack.request.aws     : AWS iam.GetRolePolicy => 200
localstack-main  | 2026-09-09T07:52:15.439  INFO --- [et.reactor-3] localstack.request.aws     : AWS iam.GetRolePolicy => 200
localstack-main  | 2026-09-09T07:52:15.445  INFO --- [et.reactor-1] localstack.request.aws     : AWS iam.GetRolePolicy => 200
localstack-main  | 2026-09-09T07:52:15.450  INFO --- [et.reactor-4] localstack.request.aws     : AWS iam.GetRolePolicy => 200
localstack-main  | 2026-09-09T07:52:15.511 DEBUG --- [et.reactor-0] plux.runtime.manager       : instantiating plugin PluginSpec(localstack.hooks.lambda_inject_ldm_provisioner.ldm_inject_ldm_provisioner = <function ldm_inject_ldm_provisioner at 0xffff46df9c60>)
localstack-main  | 2026-09-09T07:52:15.511 DEBUG --- [et.reactor-0] plux.runtime.manager       : loading plugin localstack.hooks.lambda_inject_ldm_provisioner:ldm_inject_ldm_provisioner
localstack-main  | 2026-09-09T07:52:15.511 DEBUG --- [et.reactor-0] plux.runtime.manager       : instantiating plugin PluginSpec(localstack.hooks.lambda_create_function_version.ldm_notify_create_function_version = <function ldm_notify_create_function_version at 0xffff46df99e0>)
localstack-main  | 2026-09-09T07:52:15.511 DEBUG --- [et.reactor-0] plux.runtime.manager       : loading plugin localstack.hooks.lambda_create_function_version:ldm_notify_create_function_version
localstack-main  | 2026-09-09T07:52:15.513  INFO --- [et.reactor-0] localstack.request.aws     : AWS lambda.CreateFunction => 201
localstack-main  | 2026-09-09T07:52:15.515 DEBUG --- [rvice-task_0] plux.runtime.manager       : instantiating plugin PluginSpec(localstack.hooks.lambda_prepare_docker_executors.prepare_docker_executor_hook = <function prepare_docker_executor_hook at 0xffff46cb0fe0>)
localstack-main  | 2026-09-09T07:52:15.515 DEBUG --- [rvice-task_0] plux.runtime.manager       : loading plugin localstack.hooks.lambda_prepare_docker_executors:prepare_docker_executor_hook
localstack-main  | 2026-09-09T07:52:15.515 DEBUG --- [rvice-task_0] l.p.c.s.l.i.docker_runtime : Executing prepare docker executor pro-hook for function arn:aws:lambda:us-east-1:000000000000:function:reader_lambda_function:$LATEST
localstack-main  | 2026-09-09T07:52:15.517 DEBUG --- [rvice-task_0] localstack.packages.api    : Installation of lambda-runtime v0.2.5 skipped (already installed).
localstack-main  | 2026-09-09T07:52:15.517 DEBUG --- [rvice-task_0] localstack.packages.api    : Performing runtime setup for already installed package.
localstack-main  | 2026-09-09T07:52:15.520 DEBUG --- [rvice-task_0] l.p.c.s.l.i.lambda_models  : Saving code reader_lambda_function-53dc3c63-32ac-4a6c-8fae-fbeb83dc23fc to disk
localstack-main  | 2026-09-09T07:52:15.557 DEBUG --- [rvice-task_0] localstack.utils.run       : Executing command: ['unzip', '-o', '-q', '/tmp/tmphep8xwoo']
localstack-main  | 2026-09-09T07:52:15.561 DEBUG --- [rvice-task_0] l.u.c.docker_sdk_client    : Pulling Docker image: public.ecr.aws/lambda/python:3.12
localstack-main  | 2026-09-09T07:52:15.573  INFO --- [et.reactor-3] localstack.request.aws     : AWS lambda.GetFunction => 200
localstack-main  | 2026-09-09T07:52:16.428 DEBUG --- [rvice-task_0] l.p.c.s.l.i.version_manage : Version preparation of function arn:aws:lambda:us-east-1:000000000000:function:reader_lambda_function:$LATEST took 913.52ms
localstack-main  | 2026-09-09T07:52:16.428 DEBUG --- [rvice-task_0] l.p.c.s.l.i.version_manage : Changing Lambda arn:aws:lambda:us-east-1:000000000000:function:reader_lambda_function:$LATEST (id 3ac5cd7c) to Active
localstack-main  | 2026-09-09T07:52:16.428 DEBUG --- [rvice-task_0] l.p.c.s.l.i.event_manager  : Starting event manager arn:aws:lambda:us-east-1:000000000000:function:reader_lambda_function:$LATEST id 281471752877600
localstack-main  | 2026-09-09T07:52:20.609  INFO --- [et.reactor-1] localstack.request.aws     : AWS lambda.GetFunction => 200
localstack-main  | 2026-09-09T07:52:20.616  INFO --- [et.reactor-4] localstack.request.aws     : AWS lambda.GetFunction => 200
localstack-main  | 2026-09-09T07:52:20.621  INFO --- [et.reactor-3] localstack.request.aws     : AWS lambda.ListVersionsByFunction => 200
localstack-main  | 2026-09-09T07:52:20.624  INFO --- [et.reactor-2] localstack.request.aws     : AWS lambda.GetFunctionCodeSigningConfig => 200
localstack-main  | 2026-09-09T07:52:20.646  INFO --- [et.reactor-2] localstack.request.aws     : AWS lambda.AddPermission => 201
localstack-main  | 2026-09-09T07:52:20.653  INFO --- [et.reactor-4] localstack.request.aws     : AWS lambda.GetPolicy => 200
localstack-main  | 2026-09-09T07:52:20.659  INFO --- [et.reactor-0] localstack.request.aws     : AWS lambda.CreateFunction => 201
localstack-main  | 2026-09-09T07:52:20.660 DEBUG --- [rvice-task_0] l.p.c.s.l.i.docker_runtime : Executing prepare docker executor pro-hook for function arn:aws:lambda:us-east-1:000000000000:function:writer_lambda_function:$LATEST
localstack-main  | 2026-09-09T07:52:20.660 DEBUG --- [rvice-task_0] l.p.c.s.l.i.lambda_models  : Saving code writer_lambda_function-a56eda03-8c30-4cc9-898b-118408abb456 to disk
localstack-main  | 2026-09-09T07:52:20.672  INFO --- [et.reactor-0] localstack.request.aws     : AWS lambda.GetFunction => 200
localstack-main  | 2026-09-09T07:52:20.720  INFO --- [et.reactor-3] localstack.request.aws     : AWS apigateway.PutIntegration => 201
localstack-main  | 2026-09-09T07:52:20.724 DEBUG --- [rvice-task_0] localstack.utils.run       : Executing command: ['unzip', '-o', '-q', '/tmp/tmpoxaazihc']
localstack-main  | 2026-09-09T07:52:20.730  INFO --- [et.reactor-3] localstack.request.aws     : AWS apigateway.GetIntegration => 200
localstack-main  | 2026-09-09T07:52:20.734 DEBUG --- [rvice-task_0] l.p.c.s.l.i.version_manage : Version preparation of function arn:aws:lambda:us-east-1:000000000000:function:writer_lambda_function:$LATEST took 74.09ms
localstack-main  | 2026-09-09T07:52:20.734 DEBUG --- [rvice-task_0] l.p.c.s.l.i.version_manage : Changing Lambda arn:aws:lambda:us-east-1:000000000000:function:writer_lambda_function:$LATEST (id c34a2433) to Active
localstack-main  | 2026-09-09T07:52:20.735 DEBUG --- [rvice-task_0] l.p.c.s.l.i.event_manager  : Starting event manager arn:aws:lambda:us-east-1:000000000000:function:writer_lambda_function:$LATEST id 281471742439696
localstack-main  | 2026-09-09T07:52:20.755  INFO --- [et.reactor-2] localstack.request.aws     : AWS apigateway.CreateDeployment => 201
localstack-main  | 2026-09-09T07:52:20.761  INFO --- [et.reactor-0] localstack.request.aws     : AWS apigateway.GetDeployment => 200
localstack-main  | 2026-09-09T07:52:20.792  INFO --- [et.reactor-1] localstack.request.aws     : AWS apigateway.CreateStage => 201
localstack-main  | 2026-09-09T07:52:20.795  INFO --- [et.reactor-4] localstack.request.aws     : AWS apigateway.GetStage => 200
localstack-main  | 2026-09-09T07:52:25.699  INFO --- [et.reactor-2] localstack.request.aws     : AWS lambda.GetFunction => 200
localstack-main  | 2026-09-09T07:52:25.710  INFO --- [et.reactor-0] localstack.request.aws     : AWS lambda.GetFunction => 200
localstack-main  | 2026-09-09T07:52:25.716  INFO --- [et.reactor-1] localstack.request.aws     : AWS lambda.ListVersionsByFunction => 200
localstack-main  | 2026-09-09T07:52:25.721  INFO --- [et.reactor-4] localstack.request.aws     : AWS lambda.GetFunctionCodeSigningConfig => 200
localstack-main  | 2026-09-09T07:52:25.756  INFO --- [et.reactor-3] localstack.request.aws     : AWS lambda.AddPermission => 201
localstack-main  | 2026-09-09T07:52:25.762  INFO --- [et.reactor-2] localstack.request.aws     : AWS lambda.GetPolicy => 200
localstack-main  | 2026-09-09T07:52:25.796  INFO --- [et.reactor-0] localstack.request.aws     : AWS s3.PutBucketNotificationConfiguration => 200
localstack-main  | 2026-09-09T07:52:25.800  INFO --- [et.reactor-3] localstack.request.aws     : AWS s3.GetBucketNotificationConfiguration => 200
localstack-main  | 2026-09-09T07:52:25.804  INFO --- [et.reactor-2] localstack.request.aws     : AWS s3.GetBucketNotificationConfiguration => 200
localstack-main  | 2026-09-09T07:52:55.996 DEBUG --- [et.reactor-3] l.p.c.s.s3.notifications   : Submitting task to the executor for notifier <localstack.pro.core.services.s3.notifications.LambdaNotifier object at 0xffff65121be0>
localstack-main  | 2026-09-09T07:52:56.008  INFO --- [et.reactor-3] localstack.request.aws     : AWS s3.PutObject => 200
localstack-main  | 2026-09-09T07:52:56.015 DEBUG --- [-functhread9] l.p.c.services.sqs.models  : de-queued message SqsMessage(id=8bf79844-50d9-434c-9cd7-67a9e1ad45cd,group=None) from arn:aws:sqs:us-east-1:949334387222:writer_lambda_function-3a324fd961c43d0749e7c8fa5e4e1ca0
localstack-main  | 2026-09-09T07:52:56.015 DEBUG --- [-functhread9] l.p.c.s.l.i.event_manager  : [writer_lambda_function-3a324fd961c43d0749e7c8fa5e4e1ca0] Got 1 messages
localstack-main  | 2026-09-09T07:52:56.021 DEBUG --- [et.reactor-0] l.p.c.s.l.i.version_manage : Got an invocation for function arn:aws:lambda:us-east-1:000000000000:function:writer_lambda_function:$LATEST with request_id ee4272a2-5491-42b7-b38d-7a415e3cf249
localstack-main  | 2026-09-09T07:52:56.023 DEBUG --- [et.reactor-0] l.p.c.s.l.i.assignment     : Starting new environment
localstack-main  | 2026-09-09T07:52:56.037 DEBUG --- [et.reactor-0] l.p.c.s.l.i.docker_runtime : Assigning container name of localstack-main-lambda-writer-lambda-function-821fad75871fd538d436665b17850bff to executor 821fad75871fd538d436665b17850bff
localstack-main  | 2026-09-09T07:52:56.046 DEBUG --- [et.reactor-0] l.u.c.container_client     : Getting networks for container: localstack-main
localstack-main  | 2026-09-09T07:52:56.056  INFO --- [et.reactor-0] l.u.container_networking   : Determined main container network: terraform-serverless-app_default
localstack-main  | 2026-09-09T07:52:56.056 DEBUG --- [et.reactor-0] l.u.c.container_client     : Getting ipv4 address for container localstack-main in network terraform-serverless-app_default.
localstack-main  | 2026-09-09T07:52:56.069  INFO --- [et.reactor-0] l.u.container_networking   : Determined main container target IP: 172.18.0.2
localstack-main  | 2026-09-09T07:52:56.093 DEBUG --- [et.reactor-0] plux.runtime.manager       : instantiating plugin PluginSpec(localstack.hooks.lambda_start_docker_executor.ldm_legacy_start_docker_executor = <function ldm_legacy_start_docker_executor at 0xffff46df9da0>)
localstack-main  | 2026-09-09T07:52:56.094 DEBUG --- [et.reactor-0] plux.runtime.manager       : plugin localstack.hooks.lambda_start_docker_executor:ldm_legacy_start_docker_executor is disabled, reason: Load condition for plugin was false
localstack-main  | 2026-09-09T07:52:56.094 DEBUG --- [et.reactor-0] plux.runtime.manager       : instantiating plugin PluginSpec(localstack.hooks.lambda_start_docker_executor.ldm_preview_start_docker_executor = <function ldm_preview_start_docker_executor at 0xffff46df9ee0>)
localstack-main  | 2026-09-09T07:52:56.094 DEBUG --- [et.reactor-0] plux.runtime.manager       : loading plugin localstack.hooks.lambda_start_docker_executor:ldm_preview_start_docker_executor
localstack-main  | 2026-09-09T07:52:56.094 DEBUG --- [et.reactor-0] plux.runtime.manager       : instantiating plugin PluginSpec(localstack.hooks.lambda_start_docker_executor.start_docker_executor_hook = <function start_docker_executor_hook at 0xffff46cb0ea0>)
localstack-main  | 2026-09-09T07:52:56.094 DEBUG --- [et.reactor-0] plux.runtime.manager       : loading plugin localstack.hooks.lambda_start_docker_executor:start_docker_executor_hook
localstack-main  | 2026-09-09T07:52:56.094 DEBUG --- [et.reactor-0] l.p.c.s.l.i.docker_runtime : Executing start docker executor pro-hook for function arn:aws:lambda:us-east-1:000000000000:function:writer_lambda_function:$LATEST
localstack-main  | 2026-09-09T07:52:56.094 DEBUG --- [et.reactor-0] l.u.c.docker_sdk_client    : Creating container with attributes: {'self': <localstack.utils.container_utils.docker_sdk_client.SdkDockerClient object at 0xffff8ee6c980>, 'image_name': 'public.ecr.aws/lambda/python:3.12', 'name': 'localstack-main-lambda-writer-lambda-function-821fad75871fd538d436665b17850bff', 'entrypoint': '/var/rapid/init', 'remove': False, 'interactive': False, 'tty': False, 'detach': False, 'command': None, 'volumes': [], 'ports': <PortMappings: {}>, 'exposed_ports': [], 'env_vars': {'AWS_DEFAULT_REGION': 'us-east-1', 'AWS_REGION': 'us-east-1', 'AWS_LAMBDA_FUNCTION_NAME': 'writer_lambda_function', 'AWS_LAMBDA_FUNCTION_MEMORY_SIZE': 128, 'AWS_LAMBDA_FUNCTION_VERSION': '$LATEST', 'AWS_LAMBDA_INITIALIZATION_TYPE': <InitializationType.on_demand: 'on-demand'>, 'AWS_LAMBDA_LOG_GROUP_NAME': '/aws/lambda/writer_lambda_function', 'AWS_LAMBDA_LOG_STREAM_NAME': '2026/09/09/[$LATEST]821fad75871fd538d436665b17850bff', 'AWS_ACCESS_KEY_ID': 'LSIAQAAAAAAAFBDHCS73', 'AWS_SECRET_ACCESS_KEY': 'f56Ksn8e0EGVE73aWJ6aQhCv4R7OTRS3HGVo8G7G', 'AWS_SESSION_TOKEN': 'FQoGZXIvYXdzEJVcoPmgC9IXIutwmFTQHfVYH=YpO1UrSIHdZuXaaGdRVZR1/wpfYzc2e=8GbkKM2RsvWDEidVDSedpxZm7zBXz=Grw6AJ46A7F4BM0s/aWGbs6Vba3NhdnK8+gDAhjEkU5KmPRrrBel+RQJYBYVdJl86uGCRfNsBvgnEURpKGtcDVtqJKZ7297Q2sqj8el4zbjRs21fCLERY7bxWaGX4691k+1UqajTbA44/TS=uF7vq65+Ej1UZverFOGWYhNWqF9jgd2bcGaLZvFMC+KKUJMqzKdXmaWTjkxs=XhJBOLZxImN5qUkoMCm+TYyCiYACUzuf71u4sKnWi/N2Dz9gUQP', 'LAMBDA_TASK_ROOT': '/var/task', 'LAMBDA_RUNTIME_DIR': '/var/runtime', 'AWS_XRAY_CONTEXT_MISSING': 'LOG_ERROR', 'AWS_XRAY_DAEMON_ADDRESS': '127.0.0.1:2000', '_AWS_XRAY_DAEMON_PORT': '2000', '_AWS_XRAY_DAEMON_ADDRESS': '127.0.0.1', 'TZ': ':UTC', 'AWS_ACCOUNT_ID': '000000000000', 'AWS_LAMBDA_FUNCTION_TIMEOUT': 3, 'LOCALSTACK_HOSTNAME': '172.18.0.2', 'EDGE_PORT': '4566', 'LOCALSTACK_RUNTIME_ID': '821fad75871fd538d436665b17850bff', 'LOCALSTACK_RUNTIME_ENDPOINT': 'http://172.18.0.2:4566/_localstack_lambda/821fad75871fd538d436665b17850bff', 'LOCALSTACK_FUNCTION_ACCOUNT_ID': '000000000000', 'AWS_ENDPOINT_URL': 'http://172.18.0.2:4566', '_HANDLER': 'writer_function.lambda_handler', 'AWS_EXECUTION_ENV': 'AWS_Lambda_rapid', 'LOCALSTACK_MAX_PAYLOAD_SIZE': 6291556, 'TABLE_NAME': 'ddb-filemetadata', 'no_proxy': 'localhost.localstack.cloud,172.18.0.2', 'LOCALSTACK_CHMOD_PATHS': '[{"path": "/tmp", "mode": "0700"}]'}, 'user': None, 'cap_add': None, 'cap_drop': None, 'security_opt': None, 'network': 'terraform-serverless-app_default', 'dns': '172.18.0.2', 'additional_flags': '', 'workdir': None, 'privileged': False, 'labels': None, 'platform': 'linux/amd64', 'ulimits': None, 'init': None, 'log_config': None, 'cpu_shares': None, 'mem_limit': None, 'auth_config': None, 'cgroupns': None, 'hostname': None, 'A': 'ports'}
localstack-main  | 2026-09-09T07:52:56.150 DEBUG --- [et.reactor-0] l.u.c.docker_sdk_client    : Copying file /usr/lib/localstack/lambda-runtime/v0.2.5/arm64/. into localstack-main-lambda-writer-lambda-function-821fad75871fd538d436665b17850bff:/
localstack-main  | 2026-09-09T07:52:56.424 DEBUG --- [et.reactor-0] l.u.c.docker_sdk_client    : Copying file /tmp/lambda/awslambda-us-east-1-tasks/writer_lambda_function-a56eda03-8c30-4cc9-898b-118408abb456/code/. into localstack-main-lambda-writer-lambda-function-821fad75871fd538d436665b17850bff:/var/task
localstack-main  | 2026-09-09T07:52:56.452 DEBUG --- [et.reactor-0] l.u.c.docker_sdk_client    : Starting container localstack-main-lambda-writer-lambda-function-821fad75871fd538d436665b17850bff
localstack-main  | 2026-09-09T07:52:56.568 DEBUG --- [et.reactor-0] l.u.c.container_client     : Getting ipv4 address for container localstack-main-lambda-writer-lambda-function-821fad75871fd538d436665b17850bff in network terraform-serverless-app_default.
localstack-main  | 2026-09-09T07:52:57.345  INFO --- [et.reactor-4] localstack.request.http    : POST /_localstack_lambda/821fad75871fd538d436665b17850bff/status/821fad75871fd538d436665b17850bff/ready => 202
localstack-main  | 2026-09-09T07:52:57.346 DEBUG --- [et.reactor-0] l.p.c.s.l.i.execution_envi : Start of execution environment 821fad75871fd538d436665b17850bff for function arn:aws:lambda:us-east-1:000000000000:function:writer_lambda_function:$LATEST took 1308.36ms
localstack-main  | 2026-09-09T07:52:57.346 DEBUG --- [et.reactor-0] l.p.c.s.l.i.docker_runtime : Sending invoke-payload '{"invoke-id": "ee4272a2-5491-42b7-b38d-7a415e3cf249", "invoked-function-arn": "arn:aws:lambda:us-east-1:000000000000:function:writer_lambda_function", "payload": "{\"Records\": [{\"eventVersion\": \"2.1\", \"eventSource\": \"aws:s3\", \"awsRegion\": \"us-east-1\", \"eventTime\": \"2026-09-09T07:52:55.995Z\", \"eventName\": \"ObjectCreated:Put\", \"userIdentity\": {\"principalId\": \"AIDAJDPLRKLG7UEXAMPLE\"}, \"requestParameters\": {\"sourceIPAddress\": \"127.0.0.1\"}, \"responseElements\": {\"x-amz-request-id\": \"f8c8e734\", \"x-amz-id-2\": \"eftixk72aD6Ap51TnqcoF8eFidJG9Z/2\"}, \"s3\": {\"s3SchemaVersion\": \"1.0\", \"configurationId\": \"tf-s3-lambda-20260909075225770800000003\", \"bucket\": {\"name\": \"s3-localstack-objrepo2\", \"ownerIdentity\": {\"principalId\": \"A3NL1KOZZKExample\"}, \"arn\": \"arn:aws:s3:::s3-localstack-objrepo2\"}, \"object\": {\"key\": \"hello.txt\", \"sequencer\": \"0055AED6DCD90281E5\", \"eTag\": \"b18b2f50e75c7669da4e914fb5836329\", \"size\": 19}}}]}", "trace-id": "Root=1-6aa11058-ed36c80e3355e4b881d6093b;Parent=fc469507bf70ada7;Sampled=1"}' to executor '821fad75871fd538d436665b17850bff'
localstack-main  | 2026-09-09T07:52:57.489  INFO --- [et.reactor-3] localstack.request.aws     : AWS dynamodb.PutItem => 200
localstack-main  | 2026-09-09T07:52:57.497  INFO --- [et.reactor-2] localstack.request.http    : POST /_localstack_lambda/821fad75871fd538d436665b17850bff/invocations/ee4272a2-5491-42b7-b38d-7a415e3cf249/logs => 202
localstack-main  | 2026-09-09T07:52:57.499  INFO --- [et.reactor-1] localstack.request.http    : POST /_localstack_lambda/821fad75871fd538d436665b17850bff/invocations/ee4272a2-5491-42b7-b38d-7a415e3cf249/response => 202
localstack-main  | 2026-09-09T07:52:57.500 DEBUG --- [   Thread-10] l.p.c.s.l.i.execution_envi : Execution environment 821fad75871fd538d436665b17850bff for function arn:aws:lambda:us-east-1:000000000000:function:writer_lambda_function:$LATEST has not received any invocations in a while. Stopping.
localstack-main  | 2026-09-09T07:52:57.500 DEBUG --- [   Thread-10] l.u.c.docker_sdk_client    : Stopping container: localstack-main-lambda-writer-lambda-function-821fad75871fd538d436665b17850bff
localstack-main  | 2026-09-09T07:52:57.506 DEBUG --- [et.reactor-0] l.p.c.s.l.i.version_manage : Got logs for invocation 'ee4272a2-5491-42b7-b38d-7a415e3cf249'
localstack-main  | 2026-09-09T07:52:57.506 DEBUG --- [et.reactor-0] l.p.c.s.l.i.version_manage : [writer_lambda_function-ee4272a2-5491-42b7-b38d-7a415e3cf249] START RequestId: ee4272a2-5491-42b7-b38d-7a415e3cf249 Version: $LATEST
localstack-main  | 2026-09-09T07:52:57.506 DEBUG --- [et.reactor-0] l.p.c.s.l.i.version_manage : [writer_lambda_function-ee4272a2-5491-42b7-b38d-7a415e3cf249] {"Records": [{"eventVersion": "2.1", "eventSource": "aws:s3", "awsRegion": "us-east-1", "eventTime": "2026-09-09T07:52:55.995Z", "eventName": "ObjectCreated:Put", "userIdentity": {"principalId": "AIDAJDPLRKLG7UEXAMPLE"}, "requestParameters": {"sourceIPAddress": "127.0.0.1"}, "responseElements": {"x-amz-request-id": "f8c8e734", "x-amz-id-2": "eftixk72aD6Ap51TnqcoF8eFidJG9Z/2"}, "s3": {"s3SchemaVersion": "1.0", "configurationId": "tf-s3-lambda-20260909075225770800000003", "bucket": {"name": "s3-localstack-objrepo2", "ownerIdentity": {"principalId": "A3NL1KOZZKExample"}, "arn": "arn:aws:s3:::s3-localstack-objrepo2"}, "object": {"key": "hello.txt", "sequencer": "0055AED6DCD90281E5", "eTag": "b18b2f50e75c7669da4e914fb5836329", "size": 19}}}]}
localstack-main  | 2026-09-09T07:52:57.506 DEBUG --- [et.reactor-0] l.p.c.s.l.i.version_manage : [writer_lambda_function-ee4272a2-5491-42b7-b38d-7a415e3cf249] END RequestId: ee4272a2-5491-42b7-b38d-7a415e3cf249
localstack-main  | 2026-09-09T07:52:57.506 DEBUG --- [et.reactor-0] l.p.c.s.l.i.version_manage : [writer_lambda_function-ee4272a2-5491-42b7-b38d-7a415e3cf249] REPORT RequestId: ee4272a2-5491-42b7-b38d-7a415e3cf249	Duration: 147.96 ms	Billed Duration: 148 ms	Memory Size: 128 MB	Max Memory Used: 128 MB	Init Duration: 700.69 ms	
localstack-main  | 2026-09-09T07:52:57.506 DEBUG --- [et.reactor-0] l.p.c.s.l.provider_basic   : Lambda invocation duration: 1485.20ms
localstack-main  | 2026-09-09T07:52:57.510 DEBUG --- [on:$LATEST_0] l.p.c.services.sqs.models  : deleting message 8bf79844-50d9-434c-9cd7-67a9e1ad45cd from queue arn:aws:sqs:us-east-1:949334387222:writer_lambda_function-3a324fd961c43d0749e7c8fa5e4e1ca0
localstack-main  | 2026-09-09T07:52:57.523 DEBUG --- [et.reactor-4] plux.runtime.manager       : instantiating plugin PluginSpec(localstack.aws.provider.logs:pro = <function logs at 0xffff8b5cf740>)
localstack-main  | 2026-09-09T07:52:57.524 DEBUG --- [et.reactor-4] plux.runtime.manager       : loading plugin localstack.aws.provider:logs:pro
localstack-main  | 2026-09-09T07:52:57.540 DEBUG --- [et.reactor-3] plux.runtime.manager       : instantiating plugin PluginSpec(localstack.aws.provider.cloudwatch:default = <function cloudwatch_basic at 0xffff8d410540>)
localstack-main  | 2026-09-09T07:52:57.541 DEBUG --- [et.reactor-3] plux.runtime.manager       : loading plugin localstack.aws.provider:cloudwatch:default
localstack-main  | 2026-09-09T07:52:57.632 DEBUG --- [   Thread-10] l.u.c.docker_sdk_client    : Removing container: localstack-main-lambda-writer-lambda-function-821fad75871fd538d436665b17850bff, with volumes: False
localstack-main  | 2026-09-09T07:52:57.692 DEBUG --- [et.reactor-3] plux.runtime.manager       : plugin localstack.platform.plugin:bedrock-extension is disabled, reason: Load condition for plugin was false
localstack-main  | 2026-09-09T07:52:57.693 DEBUG --- [et.reactor-3] plux.runtime.manager       : plugin localstack.platform.plugin:chaos-basic is disabled, reason: Load condition for plugin was false
localstack-main  | 2026-09-09T07:52:57.693 DEBUG --- [et.reactor-3] plux.runtime.manager       : plugin localstack.platform.plugin:ecs-k8s-task-executor is disabled, reason: Load condition for plugin was false
localstack-main  | 2026-09-09T07:52:57.693 DEBUG --- [et.reactor-3] plux.runtime.manager       : plugin localstack.platform.plugin:pod-encryption is disabled, reason: This feature is not part of the active license agreement
localstack-main  | 2026-09-09T07:52:57.693 DEBUG --- [et.reactor-3] plux.runtime.manager       : plugin localstack.platform.plugin:snapshot is disabled, reason: Load condition for plugin was false
localstack-main  | 2026-09-09T07:52:57.693 DEBUG --- [et.reactor-3] l.p.c.s.c.alarm_scheduler  : Starting CloudWatch scheduler
localstack-main  | 2026-09-09T07:52:57.821 DEBUG --- [et.reactor-4] plux.runtime.manager       : plugin localstack.platform.plugin:bedrock-extension is disabled, reason: Load condition for plugin was false
localstack-main  | 2026-09-09T07:52:57.821 DEBUG --- [et.reactor-4] plux.runtime.manager       : plugin localstack.platform.plugin:chaos-basic is disabled, reason: Load condition for plugin was false
localstack-main  | 2026-09-09T07:52:57.821 DEBUG --- [et.reactor-4] plux.runtime.manager       : plugin localstack.platform.plugin:ecs-k8s-task-executor is disabled, reason: Load condition for plugin was false
localstack-main  | 2026-09-09T07:52:57.821 DEBUG --- [et.reactor-4] plux.runtime.manager       : plugin localstack.platform.plugin:pod-encryption is disabled, reason: This feature is not part of the active license agreement
localstack-main  | 2026-09-09T07:52:57.821 DEBUG --- [et.reactor-4] plux.runtime.manager       : plugin localstack.platform.plugin:snapshot is disabled, reason: Load condition for plugin was false
localstack-main  | 2026-09-09T07:53:03.233  INFO --- [et.reactor-4] localstack.request.aws     : AWS logs.FilterLogEvents => 200
localstack-main  | 2026-09-09T07:53:04.855  INFO --- [et.reactor-3] localstack.request.aws     : AWS dynamodb.Scan => 200
localstack-main  | 2026-09-09T07:53:05.003  WARN --- [et.reactor-0] localstack.deprecations    : /restapis/<api_id>/<stage>/_user_request_ is deprecated (since 3.8.0) and will be removed in upcoming releases of LocalStack! Use /_aws/execute-api/<api_id>/<stage> instead.
localstack-main  | 2026-09-09T07:53:05.003 DEBUG --- [et.reactor-0] l.p.c.s.a.n.e.router_basic : APIGW v1 Endpoint called
localstack-main  | 2026-09-09T07:53:05.004 DEBUG --- [et.reactor-0] l.p.c.s.a.n.e.h.parse      : Initializing $context='{'accountId': '000000000000', 'apiId': 'mivwrzagpv', 'deploymentId': '4ynbz06oo0', 'domainName': 'localhost:4566', 'domainPrefix': 'localhost:4566', 'extendedRequestId': '0a5ed870', 'httpMethod': 'GET', 'identity': {'accountId': None, 'accessKey': None, 'caller': None, 'cognitoAuthenticationProvider': None, 'cognitoAuthenticationType': None, 'cognitoIdentityId': None, 'cognitoIdentityPoolId': None, 'principalOrgId': None, 'sourceIp': '127.0.0.1', 'user': None, 'userAgent': 'curl/8.7.1', 'userArn': None}, 'path': '/dev/files', 'protocol': 'HTTP/1.1', 'requestId': 'c5c9df9f-4d3e-4c9b-9b82-99d8c6001ffd', 'requestTime': '09/Sep/2026:07:53:05 ', 'requestTimeEpoch': 1788940385004, 'stage': 'dev'}'
localstack-main  | 2026-09-09T07:53:05.004 DEBUG --- [et.reactor-0] l.p.c.s.a.n.e.h.parse      : Initializing $stageVariables='None'
localstack-main  | 2026-09-09T07:53:05.007 DEBUG --- [et.reactor-0] l.p.c.s.a.n.e.h.resource_r : Updating $context.resourcePath='/files'
localstack-main  | 2026-09-09T07:53:05.007 DEBUG --- [et.reactor-0] l.p.c.s.a.n.e.h.resource_r : Updating $context.resourceId='sl1mfbdqba'
localstack-main  | 2026-09-09T07:53:05.008 DEBUG --- [et.reactor-0] l.p.c.s.a.n.e.header_utils : Dropping headers: []
localstack-main  | 2026-09-09T07:53:05.017 DEBUG --- [et.reactor-1] l.p.c.s.l.i.version_manage : Got an invocation for function arn:aws:lambda:us-east-1:000000000000:function:reader_lambda_function:$LATEST with request_id 567404b9-d856-465a-a8a3-3592c8a8ae23
localstack-main  | 2026-09-09T07:53:05.017 DEBUG --- [et.reactor-1] l.p.c.s.l.i.assignment     : Starting new environment
localstack-main  | 2026-09-09T07:53:05.018 DEBUG --- [et.reactor-1] l.p.c.s.l.i.docker_runtime : Assigning container name of localstack-main-lambda-reader-lambda-function-e735766099b5dcf4b12455a364f6318d to executor e735766099b5dcf4b12455a364f6318d
localstack-main  | 2026-09-09T07:53:05.028 DEBUG --- [et.reactor-1] plux.runtime.manager       : plugin localstack.hooks.lambda_start_docker_executor:ldm_legacy_start_docker_executor is disabled, reason: Load condition for plugin was false
localstack-main  | 2026-09-09T07:53:05.028 DEBUG --- [et.reactor-1] l.p.c.s.l.i.docker_runtime : Executing start docker executor pro-hook for function arn:aws:lambda:us-east-1:000000000000:function:reader_lambda_function:$LATEST
localstack-main  | 2026-09-09T07:53:05.028 DEBUG --- [et.reactor-1] l.u.c.docker_sdk_client    : Creating container with attributes: {'self': <localstack.utils.container_utils.docker_sdk_client.SdkDockerClient object at 0xffff8ee6c980>, 'image_name': 'public.ecr.aws/lambda/python:3.12', 'name': 'localstack-main-lambda-reader-lambda-function-e735766099b5dcf4b12455a364f6318d', 'entrypoint': '/var/rapid/init', 'remove': False, 'interactive': False, 'tty': False, 'detach': False, 'command': None, 'volumes': [], 'ports': <PortMappings: {}>, 'exposed_ports': [], 'env_vars': {'AWS_DEFAULT_REGION': 'us-east-1', 'AWS_REGION': 'us-east-1', 'AWS_LAMBDA_FUNCTION_NAME': 'reader_lambda_function', 'AWS_LAMBDA_FUNCTION_MEMORY_SIZE': 128, 'AWS_LAMBDA_FUNCTION_VERSION': '$LATEST', 'AWS_LAMBDA_INITIALIZATION_TYPE': <InitializationType.on_demand: 'on-demand'>, 'AWS_LAMBDA_LOG_GROUP_NAME': '/aws/lambda/reader_lambda_function', 'AWS_LAMBDA_LOG_STREAM_NAME': '2026/09/09/[$LATEST]e735766099b5dcf4b12455a364f6318d', 'AWS_ACCESS_KEY_ID': 'LSIAQAAAAAAAMAQEJ42V', 'AWS_SECRET_ACCESS_KEY': 'GJapMvp1nnn2ioJwks2uctWO5Po6F5W7XYc5Knds', 'AWS_SESSION_TOKEN': 'FQoGZXIvYXdzEZ4IqBYHDH4Q7DS6hEnRpWGp8HPqF=Vot68jRSaXg7ZhVapERKs9IViI/g2nrplXJzPXpZV+xc6269hfULC3pMTASxApglqR2EKaKNqUfzkXZ+/QfahGRBnteTKJO=xMxiO=F7fbO05UAaAPrNqJ4Mvj7BJ9F9HJJLkoXkb77Sl6VFPty9t5xbM5xCkF3Ml/s4+xh+3Pi1PhpkhK9ZaReddRt+pE8Nm3HA4vM++q5GIv4s0AJNqEvQP=nzkLxu1AhpSPepJebxm62aVGLVz/8OVQF+pF0Lt5PLbKVNMan/gK0IPdg4/KokBIn72taA9yyqOjLych=CXiMZTGlZSWPDJF', 'LAMBDA_TASK_ROOT': '/var/task', 'LAMBDA_RUNTIME_DIR': '/var/runtime', 'AWS_XRAY_CONTEXT_MISSING': 'LOG_ERROR', 'AWS_XRAY_DAEMON_ADDRESS': '127.0.0.1:2000', '_AWS_XRAY_DAEMON_PORT': '2000', '_AWS_XRAY_DAEMON_ADDRESS': '127.0.0.1', 'TZ': ':UTC', 'AWS_ACCOUNT_ID': '000000000000', 'AWS_LAMBDA_FUNCTION_TIMEOUT': 3, 'LOCALSTACK_HOSTNAME': '172.18.0.2', 'EDGE_PORT': '4566', 'LOCALSTACK_RUNTIME_ID': 'e735766099b5dcf4b12455a364f6318d', 'LOCALSTACK_RUNTIME_ENDPOINT': 'http://172.18.0.2:4566/_localstack_lambda/e735766099b5dcf4b12455a364f6318d', 'LOCALSTACK_FUNCTION_ACCOUNT_ID': '000000000000', 'AWS_ENDPOINT_URL': 'http://172.18.0.2:4566', '_HANDLER': 'read_function.lambda_handler', 'AWS_EXECUTION_ENV': 'AWS_Lambda_rapid', 'LOCALSTACK_MAX_PAYLOAD_SIZE': 6291556, 'TABLE_NAME': 'ddb-filemetadata', 'no_proxy': 'localhost.localstack.cloud,172.18.0.2', 'LOCALSTACK_CHMOD_PATHS': '[{"path": "/tmp", "mode": "0700"}]'}, 'user': None, 'cap_add': None, 'cap_drop': None, 'security_opt': None, 'network': 'terraform-serverless-app_default', 'dns': '172.18.0.2', 'additional_flags': '', 'workdir': None, 'privileged': False, 'labels': None, 'platform': 'linux/amd64', 'ulimits': None, 'init': None, 'log_config': None, 'cpu_shares': None, 'mem_limit': None, 'auth_config': None, 'cgroupns': None, 'hostname': None, 'A': 'ports'}
localstack-main  | 2026-09-09T07:53:05.072 DEBUG --- [et.reactor-1] l.u.c.docker_sdk_client    : Copying file /usr/lib/localstack/lambda-runtime/v0.2.5/arm64/. into localstack-main-lambda-reader-lambda-function-e735766099b5dcf4b12455a364f6318d:/
localstack-main  | 2026-09-09T07:53:05.303 DEBUG --- [et.reactor-1] l.u.c.docker_sdk_client    : Copying file /tmp/lambda/awslambda-us-east-1-tasks/reader_lambda_function-53dc3c63-32ac-4a6c-8fae-fbeb83dc23fc/code/. into localstack-main-lambda-reader-lambda-function-e735766099b5dcf4b12455a364f6318d:/var/task
localstack-main  | 2026-09-09T07:53:05.324 DEBUG --- [et.reactor-1] l.u.c.docker_sdk_client    : Starting container localstack-main-lambda-reader-lambda-function-e735766099b5dcf4b12455a364f6318d
localstack-main  | 2026-09-09T07:53:05.433 DEBUG --- [et.reactor-1] l.u.c.container_client     : Getting ipv4 address for container localstack-main-lambda-reader-lambda-function-e735766099b5dcf4b12455a364f6318d in network terraform-serverless-app_default.
localstack-main  | 2026-09-09T07:53:05.992  INFO --- [et.reactor-3] localstack.request.http    : POST /_localstack_lambda/e735766099b5dcf4b12455a364f6318d/status/e735766099b5dcf4b12455a364f6318d/ready => 202
localstack-main  | 2026-09-09T07:53:05.992 DEBUG --- [et.reactor-1] l.p.c.s.l.i.execution_envi : Start of execution environment e735766099b5dcf4b12455a364f6318d for function arn:aws:lambda:us-east-1:000000000000:function:reader_lambda_function:$LATEST took 971.88ms
localstack-main  | 2026-09-09T07:53:05.993 DEBUG --- [et.reactor-1] l.p.c.s.l.i.docker_runtime : Sending invoke-payload '{"invoke-id": "567404b9-d856-465a-a8a3-3592c8a8ae23", "invoked-function-arn": "arn:aws:lambda:us-east-1:000000000000:function:reader_lambda_function", "payload": "{\"headers\": {\"Host\": \"localhost:4566\", \"User-Agent\": \"curl/8.7.1\", \"Accept\": \"*/*\", \"X-Forwarded-For\": \"172.18.0.1\", \"X-Forwarded-Port\": \"4566\", \"X-Forwarded-Proto\": \"HTTP\", \"X-Amzn-Trace-Id\": \"Root=1-6aa11061-e89f0563ca104af2941d8b80;Parent=a53e87d0c2fc0f99;Sampled=0\"}, \"multiValueHeaders\": {\"Host\": [\"localhost:4566\"], \"User-Agent\": [\"curl/8.7.1\"], \"Accept\": [\"*/*\"], \"X-Forwarded-For\": [\"172.18.0.1\"], \"X-Forwarded-Port\": [\"4566\"], \"X-Forwarded-Proto\": [\"HTTP\"], \"X-Amzn-Trace-Id\": [\"Root=1-6aa11061-e89f0563ca104af2941d8b80;Parent=a53e87d0c2fc0f99;Sampled=0\"]}, \"body\": null, \"isBase64Encoded\": false, \"requestContext\": {\"accountId\": \"000000000000\", \"apiId\": \"mivwrzagpv\", \"deploymentId\": \"4ynbz06oo0\", \"domainName\": \"localhost:4566\", \"domainPrefix\": \"localhost:4566\", \"extendedRequestId\": \"0a5ed870\", \"httpMethod\": \"GET\", \"identity\": {\"accountId\": null, \"accessKey\": null, \"caller\": null, \"cognitoAuthenticationProvider\": null, \"cognitoAuthenticationType\": null, \"cognitoIdentityId\": null, \"cognitoIdentityPoolId\": null, \"principalOrgId\": null, \"sourceIp\": \"127.0.0.1\", \"user\": null, \"userAgent\": \"curl/8.7.1\", \"userArn\": null}, \"path\": \"/dev/files\", \"protocol\": \"HTTP/1.1\", \"requestId\": \"c5c9df9f-4d3e-4c9b-9b82-99d8c6001ffd\", \"requestTime\": \"09/Sep/2026:07:53:05 \", \"requestTimeEpoch\": 1788940385004, \"stage\": \"dev\", \"resourcePath\": \"/files\", \"resourceId\": \"sl1mfbdqba\"}, \"stageVariables\": null, \"queryStringParameters\": null, \"multiValueQueryStringParameters\": null, \"pathParameters\": null, \"httpMethod\": \"GET\", \"path\": \"/files\", \"resource\": \"/files\"}", "trace-id": "Root=1-6aa11061-66375d0e8b676a57ef3ab3cb;Parent=c46c172ee922f2a2;Sampled=1"}' to executor 'e735766099b5dcf4b12455a364f6318d'
localstack-main  | 2026-09-09T07:53:06.015  INFO --- [et.reactor-2] localstack.request.aws     : AWS dynamodb.Scan => 200
localstack-main  | 2026-09-09T07:53:06.023  INFO --- [et.reactor-4] localstack.request.http    : POST /_localstack_lambda/e735766099b5dcf4b12455a364f6318d/invocations/567404b9-d856-465a-a8a3-3592c8a8ae23/logs => 202
localstack-main  | 2026-09-09T07:53:06.024  INFO --- [et.reactor-3] localstack.request.http    : POST /_localstack_lambda/e735766099b5dcf4b12455a364f6318d/invocations/567404b9-d856-465a-a8a3-3592c8a8ae23/response => 202
localstack-main  | 2026-09-09T07:53:06.025 DEBUG --- [   Thread-13] l.p.c.s.l.i.execution_envi : Execution environment e735766099b5dcf4b12455a364f6318d for function arn:aws:lambda:us-east-1:000000000000:function:reader_lambda_function:$LATEST has not received any invocations in a while. Stopping.
localstack-main  | 2026-09-09T07:53:06.025 DEBUG --- [   Thread-13] l.u.c.docker_sdk_client    : Stopping container: localstack-main-lambda-reader-lambda-function-e735766099b5dcf4b12455a364f6318d
localstack-main  | 2026-09-09T07:53:06.031 DEBUG --- [et.reactor-1] l.p.c.s.l.i.version_manage : Got logs for invocation '567404b9-d856-465a-a8a3-3592c8a8ae23'
localstack-main  | 2026-09-09T07:53:06.031 DEBUG --- [et.reactor-1] l.p.c.s.l.i.version_manage : [reader_lambda_function-567404b9-d856-465a-a8a3-3592c8a8ae23] START RequestId: 567404b9-d856-465a-a8a3-3592c8a8ae23 Version: $LATEST
localstack-main  | 2026-09-09T07:53:06.031 DEBUG --- [et.reactor-1] l.p.c.s.l.i.version_manage : [reader_lambda_function-567404b9-d856-465a-a8a3-3592c8a8ae23] {"headers": {"Host": "localhost:4566", "User-Agent": "curl/8.7.1", "Accept": "*/*", "X-Forwarded-For": "172.18.0.1", "X-Forwarded-Port": "4566", "X-Forwarded-Proto": "HTTP", "X-Amzn-Trace-Id": "Root=1-6aa11061-e89f0563ca104af2941d8b80;Parent=a53e87d0c2fc0f99;Sampled=0"}, "multiValueHeaders": {"Host": ["localhost:4566"], "User-Agent": ["curl/8.7.1"], "Accept": ["*/*"], "X-Forwarded-For": ["172.18.0.1"], "X-Forwarded-Port": ["4566"], "X-Forwarded-Proto": ["HTTP"], "X-Amzn-Trace-Id": ["Root=1-6aa11061-e89f0563ca104af2941d8b80;Parent=a53e87d0c2fc0f99;Sampled=0"]}, "body": null, "isBase64Encoded": false, "requestContext": {"accountId": "000000000000", "apiId": "mivwrzagpv", "deploymentId": "4ynbz06oo0", "domainName": "localhost:4566", "domainPrefix": "localhost:4566", "extendedRequestId": "0a5ed870", "httpMethod": "GET", "identity": {"accountId": null, "accessKey": null, "caller": null, "cognitoAuthenticationProvider": null, "cognitoAuthenticationType": null, "cognitoIdentityId": null, "cognitoIdentityPoolId": null, "principalOrgId": null, "sourceIp": "127.0.0.1", "user": null, "userAgent": "curl/8.7.1", "userArn": null}, "path": "/dev/files", "protocol": "HTTP/1.1", "requestId": "c5c9df9f-4d3e-4c9b-9b82-99d8c6001ffd", "requestTime": "09/Sep/2026:07:53:05 ", "requestTimeEpoch": 1788940385004, "stage": "dev", "resourcePath": "/files", "resourceId": "sl1mfbdqba"}, "stageVariables": null, "queryStringParameters": null, "multiValueQueryStringParameters": null, "pathParameters": null, "httpMethod": "GET", "path": "/files", "resource": "/files"}
localstack-main  | 2026-09-09T07:53:06.032 DEBUG --- [et.reactor-1] l.p.c.s.l.i.version_manage : [reader_lambda_function-567404b9-d856-465a-a8a3-3592c8a8ae23] END RequestId: 567404b9-d856-465a-a8a3-3592c8a8ae23
localstack-main  | 2026-09-09T07:53:06.033 DEBUG --- [et.reactor-1] l.p.c.s.l.i.version_manage : [reader_lambda_function-567404b9-d856-465a-a8a3-3592c8a8ae23] REPORT RequestId: 567404b9-d856-465a-a8a3-3592c8a8ae23	Duration: 27.69 ms	Billed Duration: 28 ms	Memory Size: 128 MB	Max Memory Used: 128 MB	Init Duration: 484.05 ms	
localstack-main  | 2026-09-09T07:53:06.033 DEBUG --- [et.reactor-1] l.p.c.s.l.provider_basic   : Lambda invocation duration: 1016.54ms
localstack-main  | 2026-09-09T07:53:06.035 DEBUG --- [et.reactor-0] l.p.c.s.a.n.e.header_utils : Dropping headers: []
localstack-main  | 2026-09-09T07:53:06.035  INFO --- [et.reactor-0] localstack.request.http    : GET /restapis/mivwrzagpv/dev/_user_request_/files => 200
localstack-main  | 2026-09-09T07:53:06.116 DEBUG --- [   Thread-13] l.u.c.docker_sdk_client    : Removing container: localstack-main-lambda-reader-lambda-function-e735766099b5dcf4b12455a364f6318d, with volumes: False
localstack-main  | 2026-09-09T07:53:07.570 DEBUG --- [et.reactor-2] l.p.c.s.s3.notifications   : Submitting task to the executor for notifier <localstack.pro.core.services.s3.notifications.LambdaNotifier object at 0xffff65121be0>
localstack-main  | 2026-09-09T07:53:07.572  INFO --- [et.reactor-2] localstack.request.aws     : AWS s3.DeleteObject => 204
localstack-main  | 2026-09-09T07:53:07.578 DEBUG --- [-functhread9] l.p.c.services.sqs.models  : de-queued message SqsMessage(id=2674023f-b2e1-4078-bb4e-fc60722c172a,group=None) from arn:aws:sqs:us-east-1:949334387222:writer_lambda_function-3a324fd961c43d0749e7c8fa5e4e1ca0
localstack-main  | 2026-09-09T07:53:07.579 DEBUG --- [-functhread9] l.p.c.s.l.i.event_manager  : [writer_lambda_function-3a324fd961c43d0749e7c8fa5e4e1ca0] Got 1 messages
localstack-main  | 2026-09-09T07:53:07.584 DEBUG --- [et.reactor-1] l.p.c.s.l.i.version_manage : Got an invocation for function arn:aws:lambda:us-east-1:000000000000:function:writer_lambda_function:$LATEST with request_id e8893014-861d-4201-a05a-2d89977ba562
localstack-main  | 2026-09-09T07:53:07.584 DEBUG --- [et.reactor-1] l.p.c.s.l.i.assignment     : Starting new environment
localstack-main  | 2026-09-09T07:53:07.584 DEBUG --- [et.reactor-1] l.p.c.s.l.i.docker_runtime : Assigning container name of localstack-main-lambda-writer-lambda-function-48696dbb51798fec986edb668555da5c to executor 48696dbb51798fec986edb668555da5c
localstack-main  | 2026-09-09T07:53:07.593 DEBUG --- [et.reactor-1] plux.runtime.manager       : plugin localstack.hooks.lambda_start_docker_executor:ldm_legacy_start_docker_executor is disabled, reason: Load condition for plugin was false
localstack-main  | 2026-09-09T07:53:07.593 DEBUG --- [et.reactor-1] l.p.c.s.l.i.docker_runtime : Executing start docker executor pro-hook for function arn:aws:lambda:us-east-1:000000000000:function:writer_lambda_function:$LATEST
localstack-main  | 2026-09-09T07:53:07.593 DEBUG --- [et.reactor-1] l.u.c.docker_sdk_client    : Creating container with attributes: {'self': <localstack.utils.container_utils.docker_sdk_client.SdkDockerClient object at 0xffff8ee6c980>, 'image_name': 'public.ecr.aws/lambda/python:3.12', 'name': 'localstack-main-lambda-writer-lambda-function-48696dbb51798fec986edb668555da5c', 'entrypoint': '/var/rapid/init', 'remove': False, 'interactive': False, 'tty': False, 'detach': False, 'command': None, 'volumes': [], 'ports': <PortMappings: {}>, 'exposed_ports': [], 'env_vars': {'AWS_DEFAULT_REGION': 'us-east-1', 'AWS_REGION': 'us-east-1', 'AWS_LAMBDA_FUNCTION_NAME': 'writer_lambda_function', 'AWS_LAMBDA_FUNCTION_MEMORY_SIZE': 128, 'AWS_LAMBDA_FUNCTION_VERSION': '$LATEST', 'AWS_LAMBDA_INITIALIZATION_TYPE': <InitializationType.on_demand: 'on-demand'>, 'AWS_LAMBDA_LOG_GROUP_NAME': '/aws/lambda/writer_lambda_function', 'AWS_LAMBDA_LOG_STREAM_NAME': '2026/09/09/[$LATEST]48696dbb51798fec986edb668555da5c', 'AWS_ACCESS_KEY_ID': 'LSIAQAAAAAAAICKCAB4V', 'AWS_SECRET_ACCESS_KEY': 'SBO3Quvz4uGRjgCNJfxpa3g5w5L8OBPt8voTGJug', 'AWS_SESSION_TOKEN': 'FQoGZXIvYXdzEet=xPeQ8SaPqaW6O0Zpa0Sm1fInNVrzU0ySZRQdbjs8Q=20x7KX8k4gy=5=GBT+jRiAx1F=bFltlq1BI4DxTR3inuB1YrFNKKKPomIZyGjWDPj/TNE5nlQJdnDsMejKQPhuDhfsadr3dXP3JE/RjWC=Xgj=k4hbWPzWE5l4maxFutkuwH89/loYcJNo23Kl4m5J0KJRs8JUPX0FGpc1VK2E+NyhjBSgy0i786wT+1OD0azJtDPj0cZ+WlznpW6LLHtY6RD0p1EMuKBKlqzXJtgT2S+Cf/FJqPdlZkzTgBZp4uKOqEOSr0l0jXSY45SDBbQF02cgjkAjCGfVZ2rgjiFi', 'LAMBDA_TASK_ROOT': '/var/task', 'LAMBDA_RUNTIME_DIR': '/var/runtime', 'AWS_XRAY_CONTEXT_MISSING': 'LOG_ERROR', 'AWS_XRAY_DAEMON_ADDRESS': '127.0.0.1:2000', '_AWS_XRAY_DAEMON_PORT': '2000', '_AWS_XRAY_DAEMON_ADDRESS': '127.0.0.1', 'TZ': ':UTC', 'AWS_ACCOUNT_ID': '000000000000', 'AWS_LAMBDA_FUNCTION_TIMEOUT': 3, 'LOCALSTACK_HOSTNAME': '172.18.0.2', 'EDGE_PORT': '4566', 'LOCALSTACK_RUNTIME_ID': '48696dbb51798fec986edb668555da5c', 'LOCALSTACK_RUNTIME_ENDPOINT': 'http://172.18.0.2:4566/_localstack_lambda/48696dbb51798fec986edb668555da5c', 'LOCALSTACK_FUNCTION_ACCOUNT_ID': '000000000000', 'AWS_ENDPOINT_URL': 'http://172.18.0.2:4566', '_HANDLER': 'writer_function.lambda_handler', 'AWS_EXECUTION_ENV': 'AWS_Lambda_rapid', 'LOCALSTACK_MAX_PAYLOAD_SIZE': 6291556, 'TABLE_NAME': 'ddb-filemetadata', 'no_proxy': 'localhost.localstack.cloud,172.18.0.2', 'LOCALSTACK_CHMOD_PATHS': '[{"path": "/tmp", "mode": "0700"}]'}, 'user': None, 'cap_add': None, 'cap_drop': None, 'security_opt': None, 'network': 'terraform-serverless-app_default', 'dns': '172.18.0.2', 'additional_flags': '', 'workdir': None, 'privileged': False, 'labels': None, 'platform': 'linux/amd64', 'ulimits': None, 'init': None, 'log_config': None, 'cpu_shares': None, 'mem_limit': None, 'auth_config': None, 'cgroupns': None, 'hostname': None, 'A': 'ports'}
localstack-main  | 2026-09-09T07:53:07.636 DEBUG --- [et.reactor-1] l.u.c.docker_sdk_client    : Copying file /usr/lib/localstack/lambda-runtime/v0.2.5/arm64/. into localstack-main-lambda-writer-lambda-function-48696dbb51798fec986edb668555da5c:/
localstack-main  | 2026-09-09T07:53:07.845 DEBUG --- [et.reactor-1] l.u.c.docker_sdk_client    : Copying file /tmp/lambda/awslambda-us-east-1-tasks/writer_lambda_function-a56eda03-8c30-4cc9-898b-118408abb456/code/. into localstack-main-lambda-writer-lambda-function-48696dbb51798fec986edb668555da5c:/var/task
localstack-main  | 2026-09-09T07:53:07.864 DEBUG --- [et.reactor-1] l.u.c.docker_sdk_client    : Starting container localstack-main-lambda-writer-lambda-function-48696dbb51798fec986edb668555da5c
localstack-main  | 2026-09-09T07:53:07.939 DEBUG --- [et.reactor-1] l.u.c.container_client     : Getting ipv4 address for container localstack-main-lambda-writer-lambda-function-48696dbb51798fec986edb668555da5c in network terraform-serverless-app_default.
localstack-main  | 2026-09-09T07:53:08.429  INFO --- [et.reactor-3] localstack.request.http    : POST /_localstack_lambda/48696dbb51798fec986edb668555da5c/status/48696dbb51798fec986edb668555da5c/ready => 202
localstack-main  | 2026-09-09T07:53:08.430 DEBUG --- [et.reactor-1] l.p.c.s.l.i.execution_envi : Start of execution environment 48696dbb51798fec986edb668555da5c for function arn:aws:lambda:us-east-1:000000000000:function:writer_lambda_function:$LATEST took 844.96ms
localstack-main  | 2026-09-09T07:53:08.430 DEBUG --- [et.reactor-1] l.p.c.s.l.i.docker_runtime : Sending invoke-payload '{"invoke-id": "e8893014-861d-4201-a05a-2d89977ba562", "invoked-function-arn": "arn:aws:lambda:us-east-1:000000000000:function:writer_lambda_function", "payload": "{\"Records\": [{\"eventVersion\": \"2.1\", \"eventSource\": \"aws:s3\", \"awsRegion\": \"us-east-1\", \"eventTime\": \"2026-09-09T07:53:07.570Z\", \"eventName\": \"ObjectRemoved:Delete\", \"userIdentity\": {\"principalId\": \"AIDAJDPLRKLG7UEXAMPLE\"}, \"requestParameters\": {\"sourceIPAddress\": \"127.0.0.1\"}, \"responseElements\": {\"x-amz-request-id\": \"5b6d9bac\", \"x-amz-id-2\": \"eftixk72aD6Ap51TnqcoF8eFidJG9Z/2\"}, \"s3\": {\"s3SchemaVersion\": \"1.0\", \"configurationId\": \"tf-s3-lambda-20260909075225770800000003\", \"bucket\": {\"name\": \"s3-localstack-objrepo2\", \"ownerIdentity\": {\"principalId\": \"A3NL1KOZZKExample\"}, \"arn\": \"arn:aws:s3:::s3-localstack-objrepo2\"}, \"object\": {\"key\": \"hello.txt\", \"sequencer\": \"0055AED6DCD90281E5\"}}}]}", "trace-id": "Root=1-6aa11063-43478c62ad4ca3d0a97db3a6;Parent=d1f9f784954ba162;Sampled=1"}' to executor '48696dbb51798fec986edb668555da5c'
localstack-main  | 2026-09-09T07:53:08.465  INFO --- [et.reactor-2] localstack.request.aws     : AWS dynamodb.DeleteItem => 200
localstack-main  | 2026-09-09T07:53:08.472  INFO --- [et.reactor-0] localstack.request.http    : POST /_localstack_lambda/48696dbb51798fec986edb668555da5c/invocations/e8893014-861d-4201-a05a-2d89977ba562/logs => 202
localstack-main  | 2026-09-09T07:53:08.473  INFO --- [et.reactor-4] localstack.request.http    : POST /_localstack_lambda/48696dbb51798fec986edb668555da5c/invocations/e8893014-861d-4201-a05a-2d89977ba562/response => 202
localstack-main  | 2026-09-09T07:53:08.477 DEBUG --- [   Thread-16] l.p.c.s.l.i.execution_envi : Execution environment 48696dbb51798fec986edb668555da5c for function arn:aws:lambda:us-east-1:000000000000:function:writer_lambda_function:$LATEST has not received any invocations in a while. Stopping.
localstack-main  | 2026-09-09T07:53:08.477 DEBUG --- [   Thread-16] l.u.c.docker_sdk_client    : Stopping container: localstack-main-lambda-writer-lambda-function-48696dbb51798fec986edb668555da5c
localstack-main  | 2026-09-09T07:53:08.481 DEBUG --- [et.reactor-1] l.p.c.s.l.i.version_manage : Got logs for invocation 'e8893014-861d-4201-a05a-2d89977ba562'
localstack-main  | 2026-09-09T07:53:08.481 DEBUG --- [et.reactor-1] l.p.c.s.l.i.version_manage : [writer_lambda_function-e8893014-861d-4201-a05a-2d89977ba562] START RequestId: e8893014-861d-4201-a05a-2d89977ba562 Version: $LATEST
localstack-main  | 2026-09-09T07:53:08.481 DEBUG --- [et.reactor-1] l.p.c.s.l.i.version_manage : [writer_lambda_function-e8893014-861d-4201-a05a-2d89977ba562] {"Records": [{"eventVersion": "2.1", "eventSource": "aws:s3", "awsRegion": "us-east-1", "eventTime": "2026-09-09T07:53:07.570Z", "eventName": "ObjectRemoved:Delete", "userIdentity": {"principalId": "AIDAJDPLRKLG7UEXAMPLE"}, "requestParameters": {"sourceIPAddress": "127.0.0.1"}, "responseElements": {"x-amz-request-id": "5b6d9bac", "x-amz-id-2": "eftixk72aD6Ap51TnqcoF8eFidJG9Z/2"}, "s3": {"s3SchemaVersion": "1.0", "configurationId": "tf-s3-lambda-20260909075225770800000003", "bucket": {"name": "s3-localstack-objrepo2", "ownerIdentity": {"principalId": "A3NL1KOZZKExample"}, "arn": "arn:aws:s3:::s3-localstack-objrepo2"}, "object": {"key": "hello.txt", "sequencer": "0055AED6DCD90281E5"}}}]}
localstack-main  | 2026-09-09T07:53:08.481 DEBUG --- [et.reactor-1] l.p.c.s.l.i.version_manage : [writer_lambda_function-e8893014-861d-4201-a05a-2d89977ba562] END RequestId: e8893014-861d-4201-a05a-2d89977ba562
localstack-main  | 2026-09-09T07:53:08.481 DEBUG --- [et.reactor-1] l.p.c.s.l.i.version_manage : [writer_lambda_function-e8893014-861d-4201-a05a-2d89977ba562] REPORT RequestId: e8893014-861d-4201-a05a-2d89977ba562	Duration: 39.50 ms	Billed Duration: 40 ms	Memory Size: 128 MB	Max Memory Used: 128 MB	Init Duration: 414.85 ms	
localstack-main  | 2026-09-09T07:53:08.481 DEBUG --- [et.reactor-1] l.p.c.s.l.provider_basic   : Lambda invocation duration: 897.62ms
localstack-main  | 2026-09-09T07:53:08.487 DEBUG --- [on:$LATEST_0] l.p.c.services.sqs.models  : deleting message 2674023f-b2e1-4078-bb4e-fc60722c172a from queue arn:aws:sqs:us-east-1:949334387222:writer_lambda_function-3a324fd961c43d0749e7c8fa5e4e1ca0
localstack-main  | 2026-09-09T07:53:08.560 DEBUG --- [   Thread-16] l.u.c.docker_sdk_client    : Removing container: localstack-main-lambda-writer-lambda-function-48696dbb51798fec986edb668555da5c, with volumes: False
localstack-main  | 2026-09-09T07:53:14.142  INFO --- [et.reactor-3] localstack.request.aws     : AWS dynamodb.Scan => 200
